member_id,join_date,join_store,birth_year,gender,tier,phone_hash,email,opt_in_marketing
M000001,2025-01-23,S04,1989,F,一般,9e129820293d3844,tsai.yijun27@icloud.com,1
M000002,2025-01-26,S01,2003,F,銀卡,7e1f1827b5434cec,lu.ruoyu77@icloud.com,1
M000003,2026-01-20,S03,1980,F,銀卡,62276f87f6c6535b,hsieh.mingchieh68@hotmail.com,1
M000004,2026-05-13,S03,1980,F,銀卡,67433a82b86effdf,HSIEH.MINGCHIEH68@HOTMAIL.COM,0
M000005,2025-12-02,S02,1974,M,一般,b3134df17394bbcb,,0
M000006,2026-03-30,S01,2004,F,一般,840fbc26852408b1,liao.chiahao39@yahoo.com.tw,1
M000007,2025-02-09,S01,2004,M,銀卡,8513244a8d253b3c,cheng.peichun98@msa.hinet.net,1
M000008,2025-11-23,S04,1972,F,一般,349a691b9d279ba4,,0
M000009,2025-02-26,S03,2004,F,一般,f283693149e7a04f,chiang.chunhui80@icloud.com,1
M000010,2025-08-09,S01,1972,F,金卡,22d4984f7e3f8735,su.yuchen43@gmail.com,1
M000011,2025-03-27,S03,,M,一般,09453d1839695df3,huang.polin50@outlook.com,0
M000012,2025-07-21,S02,1977,F,一般,f8ab97897e6cdf6c,,1
M000013,2025-08-26,S04,1993,M,一般,6e4c4adba809034b,lu.tsungyen49@outlook.com,0
M000014,2025-03-19,S02,1994,F,一般,46aedd0bda84d019,hsu.hungyu08@outlook.com,1
M000015,2026-01-25,S01,1987,F,一般,82d865c2166869d4,lu.chiahao55@gmail.com,1
M000016,2025-02-17,S01,1959,M,銀卡,fd28c07e1ed3890c,huang.hsinyi76@outlook.com,1
M000017,2025-03-19,S06,1986,F,一般,6da6010fbab24ac8,chiang.hsinyi72@hotmail.com,0
M000018,2025-02-27,S06,1987,M,一般,08bbfb8079a29e88,,0
M000019,2025-04-24,S01,1965,F,銀卡,23f44abd6c4ea752,hsieh.peiyu10@icloud.com,1
M000020,2025-05-08,S99,2000,F,一般,823bd99a39bf8756,,1
M000021,2025-02-27,S04,1991,M,VIP,10b434c44e038f57,,1
M000022,2025-02-01,S99,1989,M,一般,667572554242df92,su.tzuchi62@hotmail.com,0
M000023,2025-10-13,S02,1997,M,金卡,c4bef0e6792d723f,chen.hsinyi63@outlook.com,0
M000024,2025-10-11,S05,1955,M,一般,638386de7b74b2e0,chang.mingchieh90@gmail.com,1
M000025,2025-01-12,S03,1968,M,VIP,c7166e8d480751d7,chiang.yijun15@icloud.com,1
M000026,2025-03-08,S02,,F,銀卡,c73d350f86e37fbc,hsieh.peichun09@outlook.com,1
M000027,2025-12-23,S03,1991,F,一般,7022ff3651811956,,1
M000028,2025-04-24,S99,1993,M,一般,d1dc939611971a81,hung.chihyuan56@hotmail.com,1
M000029,2025-12-31,S01,1994,F,一般,620619ab8426262f,tsai.tzuchi79@gmail.com,1
M000030,2025-09-24,S04,1992,M,VIP,a3760df6fe7ca0aa,chen.kuanting14@msa.hinet.net,1
M000031,2025-02-22,S03,2000,F,一般,2dca8b5b758e6e98,chou.yijun06@outlook.com,1
M000032,2025-01-31,S03,2000,F,一般,75181ffa35dc125f,yeh.tzuchi26@outlook.com,1
M000033,2026-01-24,S04,1998,F,銀卡,bdffe20a9373e5b5,su.chengen33@gmail.com,1
M000034,2025-02-16,S05,1969,M,一般,8b1433198edea59f,li.shuchen15@msa.hinet.net,1
M000035,2025-01-20,S03,2001,F,一般,d6d7afbbd12eb94b,lin.shuchen74@hotmail.com,1
M000036,2025-01-08,S05,1998,F,一般,8dbc82195eb17797,,1
M000037,2025-01-26,S99,1985,M,一般,5bcb3bc596a8ab7a,chiu.hungyu81@gmail.com,0
M000038,2025-06-24,S06,1997,F,銀卡,1e50131c30c717cf,yang.hungyu83@yahoo.com.tw,1
M000039,2025-02-09,S01,,M,銀卡,29040322b02ba1e2,hung.weiting28@msa.hinet.net,0
M000040,2025-05-04,S01,1995,M,一般,c4bf1727b328b61d,lai.ruoyu47@msa.hinet.net,0
M000041,2025-11-24,S06,1972,F,一般,08d498f4b8ecc271,,1
M000042,2025-06-04,S01,1971,M,一般,261f3aab1b3f884a,lai.peiyu56@icloud.com,1
M000043,2025-06-29,S99,1969,F,一般,d8352ef33d72d672,lin.peiyu44@msa.hinet.net,0
M000044,2025-09-02,S02,2000,F,金卡,470d3d905abf9509,tseng.chihyuan39@gmail.com,1
M000045,2025-09-16,S01,1992,F,一般,de22766ac51dbad5,tsai.yating83@msa.hinet.net,1
M000046,2025-12-23,S01,2004,M,一般,c4eb49ff9527dd49,,1
M000047,2025-09-07,S05,1943,F,一般,23d7dce762311bbe,hsu.yuhsuan84@outlook.com,1
M000048,2026-02-26,S05,1943,F,一般,30b702c80452b754, hsu.yuhsuan84@outlook.com ,0
M000049,2025-01-31,S99,,F,VIP,3c0f276397cd802a,liu.yuchen83@icloud.com,1
M000050,2025-05-20,S05,1948,F,銀卡,d8f9fc696abd292c,li.yuchen59@msa.hinet.net,1
M000051,2025-01-13,S05,1977,F,銀卡,6b2e9b0785dd9178,lai.kuanting04@outlook.com,1
M000052,2025-02-03,S03,2001,F,一般,f25bf22d0aa14fcd,kuo.yuhsuan58@outlook.com,1
M000053,2025-11-22,S04,1988,M,VIP,d8259672c9e58a2a,chung.yuhsuan18@icloud.com,0
M000054,2025-03-29,S02,1992,M,一般,a565ca760789f91c,li.tzuchi33@gmail.com,0
M000055,2025-03-22,S04,1967,F,VIP,f8b5f87dcced3abf,yeh.chihyuan30@outlook.com,1
M000056,2025-07-26,S03,1986,F,一般,f9d454a7bd70f41a,yang.chunhui58@icloud.com,0
M000057,2025-02-23,S03,2008,F,一般,5eb63811ba807d78,,1
M000058,2025-04-29,S06,1995,F,一般,95899923dddcf483,kuo.peiyu18@outlook.com,1
M000059,2025-12-17,S01,1971,F,一般,f1663999aee06aed,lai.chiahao39@outlook.com,0
M000060,2025-01-21,S04,1990,M,金卡,a239058ab1e630bc,chang.yuchen84@hotmail.com,1
M000061,2025-10-16,S01,,F,一般,7319d3c7ca838d20,,1
M000062,2025-11-16,S02,1974,M,一般,228b3fe3d4d0aa01,,0
M000063,2026-02-05,S01,1990,F,一般,2c21372c3ea18c51,lai.chihyuan41@icloud.com,1
M000064,2026-04-15,S03,2003,F,一般,5fd3a4d32c009acc,lu.ruoyu13@msa.hinet.net,1
M000065,2025-11-05,S99,1968,F,一般,06113ea3acb4f4cd,kuo.polin81@gmail.com,1
M000066,2025-10-29,S02,1972,M,金卡,23121686552de5f1,lin.ruoyu96@icloud.com,1
M000067,2025-10-14,S99,1969,M,金卡,80a4362804cdc2c1,,1
M000068,2025-11-22,S99,1978,F,一般,2c5aea675d033049,chiang.kuanting09@msa.hinet.net,0
M000069,2025-04-25,S05,2004,F,銀卡,7d5bb4aa37862c39,huang.shengwei24@hotmail.com,1
M000070,2025-02-18,S04,1996,F,VIP,8f46aea00ef52fda,chiu.ruoyu22@outlook.com,1
M000071,2025-08-27,S06,1987,F,一般,d93e686a9d504c3d,yeh.tzuchi27@gmail.com,1
M000072,2025-02-19,S01,2004,F,銀卡,0f2f1db6c82196ef,cheng.chiahao08@icloud.com,0
M000073,2025-05-24,S05,2001,M,一般,58c302a11902f471,wang.meiling61@hotmail.com,0
M000074,2025-05-26,S04,1992,F,一般,2dc38127cae12eec,,1
M000075,2025-11-25,S05,1999,F,一般,217045f1922de599,chung.yuchen89@outlook.com,1
M000076,2026-02-10,S02,1994,F,一般,7d01bd3df045338b,liu.yuhsuan63@hotmail.com,0
M000077,2025-08-26,S02,2000,F,一般,d48075efef0bb60f,wang.peichun86@outlook.com,0
M000078,2025-03-13,S03,2003,M,一般,a8a9cd67f08986c2,chou.kuanting05@msa.hinet.net,1
M000079,2025-01-20,S04,1993,F,一般,35934aed3ee7a6e0,chou.ruoyu91@yahoo.com.tw,1
M000080,2025-03-23,S02,1989,F,一般,cbeab830c38095eb,chang.kuanting94@yahoo.com.tw,0
M000081,2025-03-14,S03,2005,M,一般,b5b57d6f148491af,hung.yating01@outlook.com,1
M000082,2026-04-23,S05,1981,F,一般,ee9c3bcbd0551b00,lai.yijun05@icloud.com,1
M000083,2025-02-11,S06,1951,F,VIP,6aa8b930d8aef183,lin.chiahao56@outlook.com,0
M000084,2026-01-24,S01,1971,M,一般,4af6111443d03021,liao.kuanting78@icloud.com,1
M000085,2026-05-09,S01,1998,M,一般,48237eff1292abc9,,1
M000086,2025-03-13,S03,2005,F,一般,5ed86d59b55ffcaf,liu.chunhui56@outlook.com,0
M000087,2025-06-23,S05,1954,M,一般,cf9fe9b0cff93bca,chung.yating21@icloud.com,1
M000088,2026-02-04,S05,1954,M,一般,62e2c3d9157b891b, chung.yating21@icloud.com ,0
M000089,2025-01-08,S03,2004,M,銀卡,ed0d94163044cfc9,kuo.shengwei26@yahoo.com.tw,0
M000090,2025-02-10,S03,2004,F,一般,27965b7fb88d1874,chiu.hungyu35@icloud.com,1
M000091,2025-01-25,S06,1949,M,VIP,9ff9a994b8f840bd,,1
M000092,2026-03-07,S02,1965,M,一般,43cd2d7601040e88,lu.tzuchi89@outlook.com,1
M000093,2025-10-24,S02,1989,F,銀卡,9817d2498b0a9580,hsieh.kuanting80@yahoo.com.tw,1
M000094,2026-05-19,S01,1975,F,一般,563c3b8f18ff16fd,,0
M000095,2025-09-11,S01,1975,M,一般,d88183668177a54d,cheng.tzuchi87@msa.hinet.net,1
M000096,2025-02-22,S06,1961,F,銀卡,89b159e5efa24fb1,liao.chihyuan65@gmail.com,1
M000097,2025-02-14,S03,2006,F,一般,37645302b0604d60,,0
M000098,2025-12-12,S01,1987,M,一般,eae0834dbabbe022,wu.chengen58@icloud.com,1
M000099,2025-07-13,S05,1991,F,一般,2482165083918a89,,1
M000100,2025-03-06,S03,1998,F,一般,94c40a339e0dc3e2,liu.polin60@gmail.com,0
M000101,2025-05-04,S04,1990,M,一般,b3a3f6dbcd48f9af,li.ruoyu49@gmail.com,1
M000102,2025-05-08,S01,,F,一般,ee379b4674a8d56b,huang.chengen75@yahoo.com.tw,1
M000103,2025-04-18,S01,,F,銀卡,eef5706caebe5c9b,liao.yuhsuan71@gmail.com,1
M000104,2025-03-10,S02,2003,M,一般,13f0988349950edf,tsai.chiahao91@outlook.com,1
M000105,2025-02-25,S03,,M,一般,2fb586775b3a760f,liu.kuanting55@icloud.com,1
M000106,2025-01-27,S03,2007,F,一般,c1f98c68d8c662f0,hsieh.wanju82@msa.hinet.net,0
M000107,2025-07-06,S04,2005,F,一般,a0c241e60780c482,chang.chiahao22@icloud.com,1
M000108,2025-03-25,S03,2008,F,一般,6db387fabc9f3579,kuo.chengen68@outlook.com,0
M000109,2025-01-30,S03,2000,M,一般,c9de3639427d9b23,hsu.shengwei56@gmail.com,1
M000110,2026-01-05,S01,1995,F,一般,2dbf1dea07142577,lin.chihyuan84@gmail.com,0
M000111,2025-04-21,S05,1978,F,銀卡,abd25df953c6e70a,huang.hsinyi83@outlook.com,0
M000112,2025-11-26,S02,,F,一般,053724e04a42b5c6,lin.yating68@hotmail.com,0
M000113,2025-06-11,S04,1995,F,銀卡,61deebb4496f4c2c,lai.ruoyu42@outlook.com,1
M000114,2026-01-22,S01,2002,F,一般,98d3791b214548a6,hung.wanju62@hotmail.com,1
M000115,2025-01-16,S06,1985,M,一般,958fdc79848a986a,huang.meiling59@msa.hinet.net,1
M000116,2025-05-03,S06,1993,F,一般,69033cfb8c614f20,hsieh.tsungyen21@outlook.com,0
M000117,2025-06-15,S05,1995,M,銀卡,9a107eebb3b2a2af,li.yuhsuan76@yahoo.com.tw,0
M000118,2025-10-12,S05,1946,M,一般,5e3270a28a01de36,kuo.yijun67@gmail.com,1
M000119,2025-12-16,S05,1946,M,一般,a8279d41a9a994d4,KUO.YIJUN67@GMAIL.COM,0
M000120,2025-10-01,S99,1974,F,一般,35b13c1b31a4c4ce,yang.chiaying52@outlook.com,1
M000121,2026-01-12,S99,1999,F,一般,8c50da5cbc2fbb57,hsieh.yuhsuan42@hotmail.com,0
M000122,2025-06-23,S05,1981,F,VIP,f6e837a2c8b7fccd,lai.tsungyen82@msa.hinet.net,1
M000123,2026-01-11,S05,1958,F,金卡,df682a4497673171,cheng.kuanting60@gmail.com,1
M000124,2025-06-19,S01,1999,M,一般,16e414215c25b61c,yeh.peichun09@yahoo.com.tw,0
M000125,2025-04-25,S06,1993,F,銀卡,8136756bb14c2e35,wu.yuhsuan46@outlook.com,1
M000126,2025-06-24,S05,1956,F,銀卡,613ca13e51f92f27,chiu.chiahao12@yahoo.com.tw,1
M000127,2025-03-23,S03,2008,M,一般,b81a944013382c43,wu.chihyuan71@outlook.com,0
M000128,2025-04-23,S01,1981,M,銀卡,944ad937f14fd373,huang.peichun75@gmail.com,1
M000129,2025-02-11,S05,1987,M,一般,c0c043f934a6c4ab,yang.tsungyen58@icloud.com,1
M000130,2025-01-02,S06,1997,M,一般,5c9968ed402735bd,liao.shengwei16@yahoo.com.tw,1
M000131,2025-03-15,S05,1988,M,一般,c32ebc6fdccbf4ec,su.yuchen97@gmail.com,1
M000132,2025-04-23,S06,1974,F,銀卡,d5422e0a82e02b35,hung.peiyu50@hotmail.com,0
M000133,2025-04-19,S04,2004,M,銀卡,f5df34f0798accce,su.yuhsuan78@outlook.com,1
M000134,2025-02-02,S99,1999,M,一般,3bb22baf32c166e7,su.tsungyen66@outlook.com,1
M000135,2025-07-28,S01,1976,M,一般,9f93d56b81fa7ad1,yeh.chunhui59@hotmail.com,0
M000136,2025-01-29,S05,2004,F,一般,8840bcda8ff949af,yeh.chiahao27@hotmail.com,1
M000137,2025-01-17,S05,1986,M,一般,2f721acd5ec42509,chiu.shengwei98@icloud.com,1
M000138,2025-01-09,S03,1997,F,一般,70da92a7bd93cb07,lin.chiahao78@yahoo.com.tw,1
M000139,2025-01-20,S01,1987,F,金卡,893b47d24e212768,su.tsungyen31@hotmail.com,0
M000140,2025-03-11,S03,1999,F,一般,295914adcd886e79,yang.chengen93@icloud.com,1
M000141,2025-03-23,S03,2001,M,一般,52e66390308a09e9,lai.hungyu91@hotmail.com,1
M000142,2026-04-25,S99,1972,F,一般,c8c82fd6514cb450,chiang.hungyu21@icloud.com,0
M000143,2025-01-26,S01,1985,F,一般,e8cc516cb0efdd9b,,1
M000144,2026-02-08,S01,1993,F,一般,b1aa3a1ea5c73de4,liao.meiling65@yahoo.com.tw,1
M000145,2025-01-27,S05,,M,VIP,c5bedd4dd35f9a09,yeh.polin33@gmail.com,1
M000146,2025-03-15,S03,2003,F,一般,0d3619ad294110fb,lai.yuchen13@outlook.com,1
M000147,2025-01-09,S04,1991,F,VIP,752b78afc1ed4906,li.kuanting83@hotmail.com,0
M000148,2025-04-08,S05,1949,M,銀卡,8081b1d5472bd72c,yeh.polin73@outlook.com,0
M000149,2025-09-11,S04,1989,M,銀卡,0a0831dd3e255892,huang.chiahao30@yahoo.com.tw,1
M000150,2026-03-07,S04,1989,M,銀卡,699ed7d4341fb99e, huang.chiahao30@yahoo.com.tw ,0
M000151,2025-01-04,S01,1990,M,一般,18d09e4054ab527a,tsai.peichun45@yahoo.com.tw,0
M000152,2025-04-27,S02,1965,M,銀卡,b14ce13c71f592c4,lai.hungyu64@hotmail.com,1
M000153,2025-04-23,S04,1974,F,一般,4045eb594f79528c,huang.ruoyu21@outlook.com,1
M000154,2025-01-05,S01,1987,F,一般,64cf89aecafe6605,,1
M000155,2025-09-26,S01,2000,F,一般,6a0829c33a51d926,chou.weiting59@icloud.com,0
M000156,2025-11-11,S01,1971,F,一般,16c4721c0a9a4466,su.meiling46@msa.hinet.net,1
M000157,2025-04-01,S02,1985,M,一般,c47123551f6ba9f6,yeh.yating68@hotmail.com,0
M000158,2025-04-23,S99,1972,F,銀卡,96e465f16d66cd39,liao.tzuchi34@hotmail.com,1
M000159,2026-05-29,S01,1997,F,一般,a1cc60661485584d,liu.shengwei38@icloud.com,0
M000160,2025-11-25,S01,2003,M,一般,b0dfbba8aa1dc2ba,yeh.chihyuan52@outlook.com,1
M000161,2026-03-29,S99,1996,M,一般,f4a3d87deeede00f,li.chiahao17@msa.hinet.net,0
M000162,2025-03-04,S03,1999,F,一般,0a24e6150e98debb,wang.shengwei86@hotmail.com,1
M000163,2025-04-19,S03,1961,F,銀卡,765563097a882fe7,chung.wanju19@msa.hinet.net,0
M000164,2026-02-28,S04,1996,F,VIP,823dc42875d2268b,hsieh.polin06@msa.hinet.net,1
M000165,2025-03-12,S03,2006,M,一般,b9d788ebdf5de9d1,li.chihyuan37@icloud.com,1
M000166,2025-06-29,S99,1969,F,一般,dcd80b2ba5776ffa,,0
M000167,2025-02-18,S03,2008,M,一般,1a6f9a2c36b97a31,huang.yating39@outlook.com,1
M000168,2025-10-06,S03,,M,金卡,d2ad8dd2d41dee78,li.polin15@outlook.com,1
M000169,2025-01-17,S03,2004,M,一般,a6778e3da1668597,kuo.kuanting30@gmail.com,1
M000170,2025-01-14,S99,1997,F,一般,41104d023b03d501,chiang.yuchen02@outlook.com,0
M000171,2025-07-30,S06,1999,M,VIP,aa7fa945102d99bb,yeh.shengwei52@hotmail.com,0
M000172,2025-06-01,S99,2001,M,一般,394d29a3219fecc8,chang.yijun69@yahoo.com.tw,0
M000173,2025-09-08,S05,1945,M,一般,bfb169f11141ff39,wu.tsungyen44@hotmail.com,0
M000174,2025-02-18,S03,2001,F,一般,77d3c5b9e3aae9a2,chiang.hsinyi26@msa.hinet.net,1
M000175,2026-03-09,S01,2005,F,一般,8551f000103b41ed,,1
M000176,2025-03-31,S99,1993,F,一般,9219ea860f2a8a26,yang.hsinyi31@yahoo.com.tw,1
M000177,2025-02-28,S03,1999,M,一般,866b64fffaf63ba5,huang.yijun37@msa.hinet.net,0
M000178,2025-09-08,S04,1988,F,VIP,430a5b04a04dd542,chiang.wanju72@yahoo.com.tw,0
M000179,2025-04-25,S04,1960,F,一般,bfa51d8b98b98c5d,chiu.ruoyu56@outlook.com,1
M000180,2025-04-19,S05,1992,F,銀卡,ffd41798f9e6860e,lin.hungyu11@msa.hinet.net,1
M000181,2026-03-24,S01,1988,F,一般,50a0e677828cab21,lu.yuchen88@msa.hinet.net,1
M000182,2025-09-18,S01,1967,M,一般,aa594fa8a2da9a9d,liu.tzuchi28@hotmail.com,1
M000183,2025-01-11,S03,2000,M,一般,dc7fb94f7d5792a2,,1
M000184,2025-04-19,S02,1994,F,銀卡,8d75469b238cf561,chang.tsungyen73@hotmail.com,1
M000185,2025-03-11,S03,2002,F,一般,de1d6ce194ef7306,,1
M000186,2025-10-18,S05,1960,M,一般,57791a47ed590858,li.chunhui16@hotmail.com,1
M000187,2025-10-09,S01,1989,M,一般,471a5a9055e040ca,yeh.yuchen38@msa.hinet.net,1
M000188,2025-03-29,S06,2003,F,一般,409d0d0d8ec8ec8b,tsai.kuanting05@hotmail.com,1
M000189,2025-02-03,S04,,M,銀卡,3df429c54447998a,yeh.chihyuan16@yahoo.com.tw,1
M000190,2025-02-19,S03,1998,M,一般,99c198f2a3e6e9a0,lai.chihyuan83@gmail.com,0
M000191,2025-04-02,S01,1989,F,一般,b5fd93254e914840,huang.wanju15@gmail.com,1
M000192,2025-02-15,S01,1960,F,銀卡,8c85057945f0ba9e,kuo.shengwei56@yahoo.com.tw,0
M000193,2025-04-18,S05,1978,M,銀卡,9090b0df49ccedec,su.yuchen74@icloud.com,0
M000194,2025-11-09,S99,1995,F,一般,2721bff6027881ad,liao.peiyu03@outlook.com,1
M000195,2025-01-22,S03,2007,F,銀卡,f4c291c0d6836103,chung.yuhsuan10@msa.hinet.net,1
M000196,2025-01-09,S03,2003,M,一般,e34528f618bb0b87,su.peichun03@icloud.com,1
M000197,2025-02-16,S04,1996,F,VIP,c8e9a535c93eb84c,tsai.wanju97@yahoo.com.tw,1
M000198,2025-05-26,S99,1986,M,VIP,7fe8362adec74e86,,1
M000199,2025-03-01,S03,2005,F,一般,1fd389d080440644,,0
M000200,2025-10-29,S01,1984,M,一般,24f61f5ddc5224eb,kuo.mingchieh46@icloud.com,1
M000201,2025-02-12,S01,1958,F,銀卡,d3f08ec10831f9d1,hsu.yuchen69@yahoo.com.tw,1
M000202,2025-03-06,S02,1987,M,一般,3c72244560c6e9c5,kuo.yijun27@gmail.com,1
M000203,2025-02-28,S03,2003,M,一般,6b2b51d72a98b65f,chang.yuchen18@gmail.com,0
M000204,2025-05-09,S01,2001,M,一般,c4b4fc875909d853,liao.ruoyu87@yahoo.com.tw,1
M000205,2025-02-28,S99,1987,F,一般,88342df4e538471a,hung.yuhsuan92@outlook.com,0
M000206,2026-02-06,S01,2002,F,一般,81d11d23c186389b,kuo.polin51@gmail.com,1
M000207,2025-12-23,S06,1967,M,銀卡,2e60ab0f3ab69e49,lu.meiling68@gmail.com,1
M000208,2026-06-09,S06,1967,M,一般,c5266082e6cef93f,Lu.meiling68@gmail.com,0
M000209,2025-10-12,S01,2002,M,金卡,eca8f755113dbfbf,chou.yuchen62@gmail.com,0
M000210,2025-05-08,S02,1968,F,金卡,2bba819601ed7d0d,chiang.tsungyen20@icloud.com,0
M000211,2026-06-19,S99,1974,M,一般,0b97189ac2fb70a8,hung.hsinyi05@outlook.com,0
M000212,2025-10-19,S99,1988,F,銀卡,98ef5f8a21fa5f36,kuo.chengen10@hotmail.com,0
M000213,2025-12-15,S02,1969,F,一般,1d11b19b7a0e63c9,chou.chihyuan71@hotmail.com,1
M000214,2025-12-24,S01,1992,F,一般,bc295bdb3a890b33,chung.ruoyu53@icloud.com,1
M000215,2025-12-08,S01,1988,M,一般,963fd8215e9d3967,chiang.meiling09@icloud.com,0
M000216,2025-11-20,S01,1985,F,一般,79fceb026cfc67dd,cheng.yuhsuan98@msa.hinet.net,1
M000217,2026-03-20,S99,1996,M,一般,9c5b28c742049650,chiu.yijun04@icloud.com,1
M000218,2025-03-28,S02,1989,F,一般,457244b2efa3e9c2,chang.weiting39@msa.hinet.net,0
M000219,2025-05-22,S05,1996,F,一般,602c516724e26cfb,yeh.yating17@outlook.com,0
M000220,2025-04-21,S02,1978,F,一般,f2db23f768cb4c05,yang.yuhsuan70@icloud.com,1
M000221,2025-02-28,S03,2003,M,一般,a2f383bceadacd51,liao.yuhsuan23@hotmail.com,0
M000222,2026-02-21,S04,1992,M,VIP,62f798e80842183a,su.tzuchi45@hotmail.com,1
M000223,2025-03-01,S01,2003,F,一般,ef3247fe22b3a061,wu.wanju13@yahoo.com.tw,1
M000224,2025-03-13,S01,2002,M,一般,a3eaffb79e9dbd4c,chiang.chihyuan11@gmail.com,0
M000225,2025-01-10,S01,1992,F,金卡,69d13b60765a5645,huang.yuchen66@msa.hinet.net,1
M000226,2026-02-28,S99,1974,F,一般,2fdbaaf2726e30c3,chung.shengwei39@gmail.com,1
M000227,2025-02-09,S02,1994,F,銀卡,b31ca222ccd8bafb,su.mingchieh52@outlook.com,1
M000228,2026-04-30,S03,1985,M,一般,b514e92675cc0705,huang.weiting08@hotmail.com,1
M000229,2025-01-24,S01,1999,F,一般,563c71d68cfbdc79,chiu.peiyu93@yahoo.com.tw,1
M000230,2025-02-14,S03,2005,F,一般,274918cd52ba7ccc,chou.tsungyen10@gmail.com,1
M000231,2025-08-17,S01,1974,M,一般,eae34009bbfe8231,tseng.kuanting41@outlook.com,1
M000232,2025-10-14,S99,1966,F,金卡,8ccc547a5975fa39,hung.hsinyi83@yahoo.com.tw,1
M000233,2025-07-31,S03,1973,F,VIP,5480e875b1ae0e4b,,1
M000234,2026-02-04,S01,1982,F,一般,62acf590b9e0a7a1,wu.chiahao16@icloud.com,0
M000235,2025-03-26,S03,1998,F,一般,91a5b1157a179ce0,liu.ruoyu53@icloud.com,0
M000236,2025-11-28,S01,2004,F,一般,882c7700c7f866c6,,1
M000237,2026-04-10,S03,2002,M,一般,d00459e462922802,li.shengwei10@gmail.com,1
M000238,2025-01-09,S03,1999,F,一般,c0d871e8d8906e6b,hung.tzuchi93@gmail.com,0
M000239,2025-04-24,S04,1992,F,銀卡,6114f71d5e4b2209,chou.tzuchi54@hotmail.com,1
M000240,2025-08-17,S01,2000,F,一般,8a53036d3ec9b6cc,chou.mingchieh96@yahoo.com.tw,1
M000241,2025-01-01,S01,1977,F,一般,fc6a9823e01acc53,hung.kuanting35@outlook.com,1
M000242,2025-09-21,S04,1990,M,VIP,2e91a50d3da82b5b,,1
M000243,2025-02-25,S02,1998,F,一般,f031911a8277d406,wang.chunhui06@icloud.com,1
M000244,2025-04-24,S99,1966,M,銀卡,6cb839ce9e9072eb,su.hungyu66@yahoo.com.tw,0
M000245,2025-10-20,S02,1987,M,金卡,d7d33f352a45c165,cheng.chengen52@hotmail.com,1
M000246,2025-03-28,S02,1960,M,一般,e707963e4c78e753,chang.tsungyen74@yahoo.com.tw,1
M000247,2025-04-25,S03,2003,M,銀卡,53eacfd832e551fb,huang.kuanting65@outlook.com,1
M000248,2025-08-05,S04,1991,F,金卡,25a1b60a2e8d831c,chou.chengen80@outlook.com,1
M000249,2025-03-10,S04,1997,M,VIP,104cf37bccd974e3,kuo.chiaying53@hotmail.com,1
M000250,2025-01-08,S05,1974,M,金卡,6a0087947270359b,chou.yijun94@hotmail.com,1
M000251,2025-12-13,S05,1974,M,銀卡,c3b3b409cd8030e2,CHOU.YIJUN94@HOTMAIL.COM,0
M000252,2025-06-14,S99,2001,M,一般,a822dc865525abda,hsu.mingchieh87@hotmail.com,0
M000253,2025-03-20,S03,2002,F,一般,f281e1977cc23b4b,hsu.shuchen63@yahoo.com.tw,1
M000254,2025-03-12,S03,2006,F,一般,2b9d36b7fe0a3b87,hung.peiyu57@icloud.com,1
M000255,2025-01-19,S06,1991,M,一般,ac0828fa441e6935,kuo.kuanting71@yahoo.com.tw,1
M000256,2025-02-09,S03,2000,F,一般,d2106ac2531b989c,lu.yuhsuan95@hotmail.com,0
M000257,2025-04-18,S04,1990,M,銀卡,2810a7cc52485ad2,chang.chunhui60@gmail.com,0
M000258,2025-01-12,S01,1989,F,一般,eb61dc43cb6a69cc,,1
M000259,2025-03-28,S02,1995,F,一般,f59e3ff32c530c38,chiu.shuchen99@hotmail.com,1
M000260,2025-02-16,S04,1984,F,一般,9edc368ee73517f9,chiu.weiting23@gmail.com,0
M000261,2025-02-24,S99,2001,M,金卡,831d23dacfeb9d24,wu.shuchen28@icloud.com,0
M000262,2025-03-20,S06,2003,F,金卡,bd02dd7185d24e22,yang.yating37@outlook.com,1
M000263,2025-09-28,S06,2003,F,金卡,1b5860af44ae3b55,YANG.YATING37@OUTLOOK.COM,0
M000264,2025-02-07,S05,2004,M,一般,f0b40485e6488775,,0
M000265,2025-04-11,S99,1971,M,銀卡,010144e8c097897d,tseng.yuchen78@icloud.com,1
M000266,2025-08-18,S99,2000,F,一般,120a145c731d48ca,su.hsinyi28@outlook.com,0
M000267,2025-05-08,S99,1968,M,一般,d54953f44fcdafc2,liu.shuchen71@yahoo.com.tw,1
M000268,2026-05-27,S03,1974,F,一般,825a627a082138a0,chou.kuanting49@yahoo.com.tw,0
M000269,2025-05-27,S04,1997,M,VIP,0d3af300cab3ed75,tseng.wanju86@hotmail.com,1
M000270,2025-04-19,S99,1999,F,銀卡,efb87185307a4a8d,,0
M000271,2025-12-02,S04,,F,金卡,aa522a366fb67553,su.yijun45@icloud.com,1
M000272,2025-07-23,S99,1998,M,一般,e0a9909bfcaf8140,yeh.chihyuan09@msa.hinet.net,1
M000273,2025-01-03,S01,1968,M,銀卡,947e35abad99e514,kuo.yuhsuan24@hotmail.com,1
M000274,2025-03-03,S03,1997,F,一般,0a6d1177cd179d7c,liu.hungyu45@hotmail.com,0
M000275,2025-08-05,S05,1953,F,銀卡,ff450b45c809bec2,hsieh.tsungyen56@outlook.com,1
M000276,2026-04-03,S02,1984,M,一般,7f6970a41b42002e,hsu.peiyu70@msa.hinet.net,1
M000277,2025-01-20,S04,1991,F,VIP,11fa103db4206a07,yeh.hsinyi60@outlook.com,1
M000278,2025-04-24,S01,1988,M,銀卡,87ced52ac288fbc6,liao.yuchen95@gmail.com,1
M000279,2025-03-24,S03,2001,M,一般,5a256ed9e8533736,cheng.shuchen36@icloud.com,0
M000280,2025-01-01,S99,1996,M,一般,d2790c5b29ea664d,liu.ruoyu29@icloud.com,1
M000281,2025-06-29,S05,1953,F,銀卡,f1e0ae84a41d42ca,lai.hsinyi32@gmail.com,1
M000282,2025-04-09,S02,1962,F,VIP,436fbb246a44342e,lai.yuchen54@gmail.com,1
M000283,2025-04-28,S99,1968,F,一般,3aaa71c704c37a4e,,1
M000284,2025-10-29,S99,1977,M,一般,19f8d0d4c8e4af66,tseng.chiahao56@outlook.com,1
M000285,2025-06-21,S06,1991,F,一般,a2b59b474c7b5daa,hsieh.yuchen92@gmail.com,0
M000286,2025-01-08,S05,1957,F,VIP,a9cb9ae0eb53c16b,liao.yuhsuan35@msa.hinet.net,1
M000287,2025-03-15,S03,1971,M,銀卡,95da52a791631439,lu.kuanting60@gmail.com,0
M000288,2025-10-29,S04,1994,F,VIP,62a541134f13c89a,tseng.peichun52@hotmail.com,1
M000289,2025-06-30,S02,1984,F,金卡,05188fbc1443dd8b,tseng.yuchen20@hotmail.com,1
M000290,2025-09-18,S05,1959,F,一般,44fea93fb5278fc3,chiu.yuhsuan05@yahoo.com.tw,1
M000291,2025-01-05,S01,1988,F,一般,3ea5327cb469e4d3,su.mingchieh53@yahoo.com.tw,1
M000292,2025-12-31,S06,1990,F,一般,e77df3bac9fb79e4,chen.yuhsuan70@msa.hinet.net,1
M000293,2026-03-01,S06,1966,M,銀卡,802a214f58d0bed6,chang.hungyu27@hotmail.com,1
M000294,2026-01-28,S01,1972,M,一般,8dcf211f2a414b9d,liu.yuchen79@msa.hinet.net,0
M000295,2025-02-17,S03,2003,F,一般,45086862f3b2d49e,wang.chiahao98@hotmail.com,1
M000296,2025-10-12,S03,1997,F,一般,07183c118b7cce96,lu.chiahao47@yahoo.com.tw,0
M000297,2026-05-06,S01,1991,M,一般,851cec6341922569,huang.yating90@icloud.com,1
M000298,2025-03-12,S01,1997,M,一般,459875a119be6d39,hsu.tzuchi41@icloud.com,1
M000299,2025-07-29,S04,1994,F,VIP,14c674d0f5ad7e69,liao.chihyuan17@gmail.com,0
M000300,2026-02-15,S04,2001,M,一般,88d8d0bb3768ff2d,hung.yuhsuan75@yahoo.com.tw,0
M000301,2025-02-26,S99,,F,一般,9ffb09d9600fb826,hsu.shuchen03@outlook.com,1
M000302,2026-03-04,S04,1985,F,一般,c090143aa592d92d,chou.hungyu58@msa.hinet.net,0
M000303,2025-06-17,S04,1986,M,一般,6cc26838cd7e4e26,kuo.mingchieh20@yahoo.com.tw,0
M000304,2026-02-11,S04,1996,M,一般,5e08a1da68484ce9,tsai.hsinyi93@gmail.com,1
M000305,2025-02-09,S01,1990,M,一般,cac1d7284624ebeb,,0
M000306,2025-02-26,S99,1991,M,一般,e5889eb229a0f465,,1
M000307,2026-01-11,S05,1966,F,銀卡,a5acbb086d22d0b4,chang.chihyuan57@gmail.com,1
M000308,2025-01-24,S03,,F,一般,ded3c9c1184b8a28,chiang.peichun19@yahoo.com.tw,1
M000309,2025-07-03,S05,1983,F,銀卡,2e36be6529bea576,hsu.yating67@yahoo.com.tw,0
M000310,2025-08-10,S01,2000,F,一般,b9f7eeaad1aa75f1,chiu.chiahao88@gmail.com,0
M000311,2026-03-06,S99,1976,F,銀卡,0991aa44421e388f,tseng.peichun17@gmail.com,1
M000312,2025-06-21,S05,,F,金卡,4a383a47343c320c,su.tzuchi25@hotmail.com,0
M000313,2025-02-08,S05,1952,M,VIP,8c02535dfdeab146,liao.yijun01@yahoo.com.tw,1
M000314,2025-04-22,S04,1987,F,一般,3f5efc5e54513918,chiu.chihyuan42@gmail.com,1
M000315,2026-02-08,S05,1952,M,一般,4c0ee3ead411d9c7,wu.mingchieh77@yahoo.com.tw,1
M000316,2025-01-05,S06,1949,M,VIP,79a93e4ddf0847f9,hsu.shuchen35@hotmail.com,1
M000317,2025-10-30,S05,2001,F,一般,de0276710c5513e1,wu.hsinyi70@outlook.com,1
M000318,2025-02-12,S02,1998,F,一般,d2a9441d315958cd,yang.peichun89@yahoo.com.tw,1
M000319,2025-02-25,S03,2002,F,一般,af374d6c7a6a2ea0,cheng.hsinyi79@icloud.com,0
M000320,2026-05-03,S03,1972,F,一般,532e41565a9fcd58,lai.wanju95@yahoo.com.tw,1
M000321,2025-03-22,S03,1998,F,一般,bf3980b377efdd89,,1
M000322,2025-02-11,S06,1999,F,一般,38c1140d7d6a18ba,wu.polin94@outlook.com,1
M000323,2025-01-21,S02,1968,M,一般,01a82a416c478dc8,kuo.tzuchi86@hotmail.com,1
M000324,2026-03-24,S01,1979,F,一般,d34be209c1896e75,wu.tsungyen17@msa.hinet.net,1
M000325,2025-07-13,S03,1979,F,一般,b25ff8c7841ad1be,yang.yating79@icloud.com,1
M000326,2025-10-10,S06,1963,F,銀卡,b00494c44fa17bf8,su.yuhsuan82@msa.hinet.net,1
M000327,2025-07-27,S05,1948,F,銀卡,a842461a2435ae56,hsieh.mingchieh50@icloud.com,0
M000328,2025-03-18,S02,1988,F,一般,acf9cb495fe7bbc9,cheng.tzuchi55@icloud.com,1
M000329,2025-01-15,S01,1960,F,金卡,6970d46df33dd1de,hsieh.tzuchi08@gmail.com,1
M000330,2025-11-28,S06,1987,M,一般,f24aa6e44b9c826d,,1
M000331,2025-01-24,S99,1976,F,一般,f806791a4cd07c83,chou.ruoyu95@icloud.com,1
M000332,2025-04-23,S01,2003,F,銀卡,24d40048db8279d3,huang.chunhui77@outlook.com,1
M000333,2025-07-27,S05,1955,F,銀卡,204955fea2f91a2c,yeh.peichun55@gmail.com,1
M000334,2025-04-16,S01,,M,一般,38503340aabf12ff,liao.chunhui10@icloud.com,0
M000335,2026-03-18,S99,1991,F,一般,71cb31feb4cfd52a,tsai.yijun69@icloud.com,1
M000336,2025-02-12,S02,1961,M,VIP,bf5746ef75c5f270,chang.weiting36@icloud.com,1
M000337,2025-06-04,S05,1945,F,一般,c03bf66986e1d39b,cheng.meiling77@icloud.com,1
M000338,2026-02-25,S05,1945,F,一般,0ed0653b99f9e983,Cheng.meiling77@icloud.com,0
M000339,2025-01-12,S01,1972,M,銀卡,1815f078da538e62,,1
M000340,2025-06-29,S05,1946,M,銀卡,b9e12bb61d8dd0f7,yang.tzuchi34@yahoo.com.tw,1
M000341,2025-06-18,S99,1968,M,VIP,cd5fd936da8be8c1,liu.hsinyi19@gmail.com,1
M000342,2026-05-02,S04,1990,F,一般,db6ca823f369d9c6,li.chengen09@msa.hinet.net,1
M000343,2025-03-23,S01,1969,F,一般,6c2f5091d68701dc,tsai.weiting17@gmail.com,1
M000344,2025-03-26,S03,2002,F,一般,3683bf8f2d795029,wu.hsinyi47@icloud.com,0
M000345,2025-10-13,S02,1972,F,銀卡,627fcdfdeaf73380,chung.chiaying67@yahoo.com.tw,0
M000346,2025-02-09,S06,1987,M,一般,7d7e2b8008af33f3,lin.chunhui79@hotmail.com,0
M000347,2025-01-07,S02,1986,M,一般,93277ea5b53afab4,cheng.meiling03@yahoo.com.tw,1
M000348,2025-10-03,S02,1983,F,金卡,259c4225193da1b0,chen.chiaying07@msa.hinet.net,1
M000349,2025-04-23,S04,1965,M,銀卡,1747f03640161b0a,liao.meiling46@msa.hinet.net,1
M000350,2025-04-11,S01,1975,F,一般,eeffa072871a32c1,wang.yuhsuan54@msa.hinet.net,0
M000351,2025-04-19,S03,1970,F,銀卡,249999fd38af520b,hsieh.ruoyu18@outlook.com,0
M000352,2025-04-18,S05,1984,F,銀卡,2db57b5c52061701,lai.chunhui76@hotmail.com,1
M000353,2026-02-15,S04,1954,F,一般,4d5d54959e766a9a,chen.chengen37@icloud.com,0
M000354,2025-01-28,S01,1980,M,銀卡,14698d28927dc061,wang.tzuchi60@gmail.com,1
M000355,2026-02-15,S02,1982,F,一般,c5c461ade732b612,yang.polin98@yahoo.com.tw,0
M000356,2025-03-16,S01,1995,M,一般,93131889d41c48b3,,1
M000357,2025-10-24,S05,1953,M,一般,44f23d2a526bc302,,1
M000358,2025-03-26,S03,2001,F,一般,b8b05f87c5c81886,chen.yating94@icloud.com,1
M000359,2025-01-13,S05,1947,M,銀卡,e249193904a0f940,chou.polin74@msa.hinet.net,0
M000360,2025-06-20,S04,1998,F,VIP,f429bb5c2333e3f0,huang.hsinyi15@hotmail.com,0
M000361,2025-03-03,S02,1995,F,一般,c5c2c35be1a83961,kuo.chihyuan61@yahoo.com.tw,0
M000362,2025-01-03,S02,1963,M,VIP,71bdfab7f6ee0bf1,,0
M000363,2025-04-12,S02,1997,M,銀卡,0439b125f7c1f032,wu.chiahao30@outlook.com,0
M000364,2025-11-26,S06,1975,F,一般,1c64891c05697629,wang.chunhui83@yahoo.com.tw,1
M000365,2025-03-05,S06,1989,F,一般,f0bb3ea3ec2de71d,,1
M000366,2025-12-04,S04,1985,F,一般,6a8e2599bd84c26d,huang.weiting18@yahoo.com.tw,1
M000367,2025-03-17,S01,1998,F,一般,32eb6151083ad93f,,1
M000368,2025-02-28,S01,1976,M,銀卡,c3347b1dd5f5d0b8,cheng.peichun18@gmail.com,1
M000369,2025-02-16,S02,1989,F,一般,f52b12b63c05c238,,0
M000370,2025-01-11,S01,2002,F,一般,537d0413451f0f20,hsu.shuchen42@outlook.com,0
M000371,2025-10-02,S05,1959,F,銀卡,07064a7a57480a60,tsai.kuanting73@outlook.com,1
M000372,2025-01-15,S99,1996,F,銀卡,e33e8c37cc43ca71,,1
M000373,2025-05-01,S04,1958,F,VIP,a3382edfc5876240,,1
M000374,2026-02-16,S04,1979,F,一般,20d1115af08af341,hsu.hsinyi63@yahoo.com.tw,1
M000375,2025-02-20,S02,1955,M,VIP,4c84c8ddf6a3203a,su.chunhui42@icloud.com,1
M000376,2025-08-24,S06,,F,一般,1d2f915376c716a7,tseng.yating50@hotmail.com,1
M000377,2025-04-19,S04,1974,M,一般,c5bf3e365d7b41b7,,1
M000378,2025-02-05,S03,2008,M,一般,a4826072daaa8eb8,,0
M000379,2025-01-19,S05,1987,F,VIP,d6f142cad00963c7,chang.tsungyen50@yahoo.com.tw,0
M000380,2025-01-28,S05,1959,F,VIP,ffb084041429e62a,huang.polin18@hotmail.com,1
M000381,2025-04-24,S99,1965,F,銀卡,747973bc48f340db,tsai.hsinyi52@gmail.com,1
M000382,2025-04-05,S01,1997,M,一般,b75baa04b0f4035a,lu.tsungyen84@yahoo.com.tw,1
M000383,2025-02-19,S05,1949,M,VIP,82290414811adb9a,lu.chunhui05@msa.hinet.net,1
M000384,2025-09-21,S04,1992,M,VIP,7fe93b4523964687,lin.meiling07@hotmail.com,0
M000385,2025-02-17,S05,1954,F,一般,8def809d2569b2c5,tsai.wanju17@outlook.com,1
M000386,2025-10-08,S05,1954,F,一般,2656ba8aab9a624b,TSAI.WANJU17@OUTLOOK.COM,0
M000387,2025-10-11,S05,1942,F,一般,1f5bb230d83eebd9,kuo.yijun75@icloud.com,0
M000388,2025-07-07,S99,1988,M,一般,e2bc6c88e7bad791,,1
M000389,2026-02-03,S03,,F,一般,27b2fae05a41d4aa,wang.hsinyi08@msa.hinet.net,1
M000390,2025-01-22,S06,,M,一般,4f1dd24f7deb95c2,li.hungyu64@hotmail.com,1
M000391,2026-04-20,S04,2000,M,一般,308f55b8e5a3ea02,huang.chihyuan29@icloud.com,1
M000392,2025-02-15,S02,1996,F,一般,91082b900f25fe39,cheng.polin98@gmail.com,1
M000393,2025-06-22,S02,1964,F,銀卡,8c3ff44f51410f45,lai.chiaying62@msa.hinet.net,1
M000394,2025-03-16,S03,2008,M,一般,2fe3733048cba7c5,liu.kuanting63@yahoo.com.tw,1
M000395,2025-04-25,S02,1996,F,銀卡,3a2479852ce5843d,chung.shuchen75@icloud.com,1
M000396,2025-02-09,S01,1977,F,一般,f7c6838aed67b09a,li.yating81@yahoo.com.tw,1
M000397,2026-06-04,S99,1979,F,一般,9bea545ac4412f45,lu.weiting39@gmail.com,1
M000398,2025-10-01,S05,1952,F,一般,9751da55187083c3,chung.polin75@msa.hinet.net,1
M000399,2025-08-29,S05,1944,F,銀卡,923d96f7b4d98938,yeh.peiyu80@outlook.com,1
M000400,2025-06-22,S05,1985,F,一般,da2771474bd5b8df,wang.hsinyi64@hotmail.com,1
M000401,2026-03-25,S02,2003,M,一般,6270d6b475ed6cf2,li.chengen62@hotmail.com,1
M000402,2025-03-14,S06,2003,F,一般,04156c90e79ce3c3,hung.meiling05@yahoo.com.tw,1
M000403,2025-01-23,S03,2008,F,一般,b6a5faa7364e75c4,hsieh.weiting12@hotmail.com,0
M000404,2025-12-16,S02,1962,M,銀卡,951dfb97f0c7bd47,lin.shengwei73@hotmail.com,1
M000405,2026-03-21,S02,1984,F,一般,36aacf55bc6ae59b,yeh.tzuchi02@outlook.com,1
M000406,2025-01-03,S03,2002,M,一般,293009de8b804f88,chiang.weiting03@icloud.com,1
M000407,2026-03-28,S99,1972,F,一般,25c360cbc0e4a106,su.chiahao38@hotmail.com,0
M000408,2025-02-27,S01,2000,F,一般,bd03aa901fb27219,,0
M000409,2025-12-25,S02,1970,M,一般,57bf0ba202c62ac4,hsu.wanju97@yahoo.com.tw,1
M000410,2025-04-26,S04,1969,F,銀卡,dad616b82f654256,lu.chiaying89@yahoo.com.tw,1
M000411,2025-10-20,S06,2000,F,一般,d5db9c97f25f8f78,,1
M000412,2025-03-11,S04,2004,M,一般,635852e290a6b501,wang.tsungyen06@gmail.com,1
M000413,2025-03-09,S01,1990,M,一般,2d979b338f44a48b,hsu.kuanting17@icloud.com,1
M000414,2025-10-09,S04,1994,M,VIP,bb8222c4bc6bed03,lin.yijun77@msa.hinet.net,1
M000415,2025-01-03,S99,1961,F,金卡,de4e0f4f8f15de63,wang.yating33@hotmail.com,0
M000416,2025-10-30,S99,1961,F,金卡,86fec8ef6427bb2b, wang.yating33@hotmail.com ,1
M000417,2025-02-18,S02,1960,M,VIP,a486f0640424084b,hsu.chihyuan45@yahoo.com.tw,1
M000418,2025-07-27,S99,1987,F,一般,804da8530190ad02,,1
M000419,2025-02-01,S05,1942,F,銀卡,75a4ccd5fc26a96e,yang.yating25@hotmail.com,1
M000420,2025-08-11,S05,2002,M,一般,ff2044c0f67b92ac,hung.wanju65@outlook.com,0
M000421,2025-01-22,S05,1967,M,VIP,22a0dd7707b26864,chung.ruoyu69@msa.hinet.net,0
M000422,2025-03-15,S01,1996,F,一般,ddd16052f1074e81,,1
M000423,2025-01-05,S06,1997,F,一般,78ea02476390a177,hsu.yuchen68@icloud.com,1
M000424,2026-02-18,S05,1994,F,一般,0e04a0a3cd764590,wang.chunhui78@msa.hinet.net,1
M000425,2026-02-16,S99,1984,F,一般,08f36c9122864277,chou.ruoyu50@gmail.com,0
M000426,2026-01-25,S04,1994,F,一般,7169214cf3e8934a,chang.polin51@hotmail.com,1
M000427,2025-01-27,S05,1960,F,銀卡,3ad44a8584d022eb,kuo.kuanting55@yahoo.com.tw,0
M000428,2025-02-15,S01,1997,F,銀卡,8ce683f52dcc7b6c,chung.ruoyu06@yahoo.com.tw,0
M000429,2025-03-01,S01,1966,M,銀卡,398076eed880bbf0,hsu.wanju38@hotmail.com,0
M000430,2025-05-22,S04,1997,M,銀卡,4bd1bebfe516bcd0,wang.hungyu61@gmail.com,1
M000431,2025-12-14,S04,1997,M,銀卡,5cfdf3a5816cd86d,WANG.HUNGYU61@GMAIL.COM,0
M000432,2025-06-16,S04,1986,F,一般,b0c7268cc4e15531,chiang.chihyuan53@yahoo.com.tw,0
M000433,2025-05-15,S01,1960,F,銀卡,cb5ae430ee5a6f2a,hsieh.tzuchi04@gmail.com,1
M000434,2025-02-11,S05,2004,F,一般,60e361baa138c774,li.yuhsuan54@gmail.com,1
M000435,2025-02-24,S03,1996,M,VIP,8389b9e7a813da20,yang.yuchen52@yahoo.com.tw,1
M000436,2025-03-04,S03,2005,F,一般,6373be1a17ba3c49,chiu.tzuchi24@msa.hinet.net,1
M000437,2025-05-14,S99,1990,M,金卡,483b7d2fc26184e5,li.peichun79@msa.hinet.net,1
M000438,2025-07-09,S04,1987,M,金卡,9d1c6f950294f493,li.yijun53@yahoo.com.tw,1
M000439,2025-02-15,S06,1988,F,一般,9ec5dffe0bc8af01,hsu.yuhsuan26@outlook.com,1
M000440,2025-02-09,S04,1949,F,VIP,b2e0369464aaabc9,liu.polin74@msa.hinet.net,1
M000441,2025-06-24,S03,1990,M,一般,b3da2a6c81a1dd15,lu.shengwei25@outlook.com,1
M000442,2026-01-14,S01,2005,F,一般,0768975803b4b25b,cheng.meiling45@gmail.com,1
M000443,2025-03-23,S06,1991,F,一般,9f55f79bfd443b4e,,0
M000444,2025-03-23,S03,2000,M,一般,1d54d0d9c5be016f,hsieh.chiaying09@hotmail.com,1
M000445,2025-05-31,S02,,F,銀卡,ffe7aa0fe218079c,yeh.ruoyu73@hotmail.com,1
M000446,2025-03-16,S06,1987,F,一般,7e61b13078c61b2d,tsai.chengen87@yahoo.com.tw,0
M000447,2025-03-12,S03,2006,F,一般,929bd08d227d466b,hsu.shengwei34@outlook.com,0
M000448,2025-10-23,S02,1999,M,一般,6b7b934ddfa756af,,0
M000449,2026-03-23,S01,1975,F,一般,5dccd2301a077ec5,li.shengwei84@hotmail.com,0
M000450,2026-05-06,S01,1976,F,一般,df3529931c6e92f8,yeh.polin93@yahoo.com.tw,0
M000451,2025-10-15,S06,1969,M,銀卡,75d0999414b9ddad,yeh.yuchen32@msa.hinet.net,0
M000452,2025-02-18,S03,2008,M,一般,8abd1818bf55e248,kuo.chiaying82@yahoo.com.tw,1
M000453,2025-02-14,S03,2000,F,一般,ee587300aec62cb9,chung.hsinyi76@outlook.com,1
M000454,2025-09-12,S04,1975,M,金卡,56b01a10c62f6b95,chou.yating04@hotmail.com,0
M000455,2025-03-29,S01,1970,M,一般,bab3e76bcae303bb,yeh.weiting79@yahoo.com.tw,1
M000456,2026-02-07,S06,1969,F,一般,748f95e3958c7a5e,yeh.peiyu53@msa.hinet.net,1
M000457,2025-01-15,S99,1999,M,一般,f7f68ebbd04c39a7,yang.chihyuan74@hotmail.com,0
M000458,2025-01-14,S03,2005,M,一般,203f3ad1db3d590d,chang.peiyu56@hotmail.com,0
M000459,2025-04-25,S01,1970,F,銀卡,57bb3ab29fea17c4,tseng.chengen35@hotmail.com,1
M000460,2026-01-24,S05,2004,F,一般,3300806d71586865,lu.weiting55@yahoo.com.tw,1
M000461,2025-04-25,S06,1992,F,銀卡,88d2f21d67794f89,hsu.chengen31@yahoo.com.tw,1
M000462,2025-04-05,S06,1976,F,一般,2c032374259161d8,huang.meiling38@msa.hinet.net,1
M000463,2025-02-26,S03,2008,M,一般,0aea57c4a7ce176b,kuo.ruoyu20@icloud.com,1
M000464,2026-02-10,S04,1989,F,一般,0cff35a3c3e6161a,hsu.yijun52@gmail.com,0
M000465,2025-02-15,S03,2000,F,一般,df087bc893207e27,hsieh.weiting78@gmail.com,1
M000466,2025-07-03,S04,1995,M,VIP,2404f17d91305bb2,huang.yuchen56@hotmail.com,1
M000467,2025-03-08,S02,1991,F,VIP,1bc077bb29c2ac5d,chiu.shuchen83@yahoo.com.tw,0
M000468,2026-05-06,S01,2004,M,一般,399139dbc7711c67,chou.meiling08@outlook.com,1
M000469,2025-01-26,S02,1990,F,一般,905bc76a4ce002b0,,1
M000470,2025-02-03,S03,1965,M,VIP,26bd99eda97d378b,,0
M000471,2025-04-26,S03,1962,F,銀卡,5dbe4d3674ff5817,lu.peiyu62@msa.hinet.net,1
M000472,2025-12-13,S03,1972,F,一般,fe444c688d47a09e,liao.shuchen17@hotmail.com,0
M000473,2026-02-14,S99,,F,一般,6fbfa964bfbefe73,tseng.polin86@yahoo.com.tw,1
M000474,2025-04-11,S06,1971,M,一般,e03ade881135b7f1,kuo.chunhui91@hotmail.com,1
M000475,2025-02-23,S06,1987,F,一般,6497088f8ff11796,tsai.hsinyi91@hotmail.com,0
M000476,2026-03-16,S01,,M,一般,a66e467ad51445dd,hsieh.meiling43@msa.hinet.net,1
M000477,2026-02-08,S01,1981,F,銀卡,1737f67459c19710,liu.tzuchi98@msa.hinet.net,1
M000478,2025-02-03,S03,2002,F,一般,e2307c0cb1cd1a10,tsai.yating69@gmail.com,1
M000479,2025-08-03,S05,1944,F,銀卡,903042059cd9de45,,1
M000480,2025-02-05,S02,1964,M,一般,3fbf78ce5159dfef,yeh.wanju74@icloud.com,0
M000481,2025-04-18,S03,1987,F,銀卡,ad2b965da0be52a0,yeh.peiyu81@msa.hinet.net,0
M000482,2026-01-26,S99,1989,F,一般,d5a2dcbcf3a9fc91,tsai.hsinyi95@hotmail.com,0
M000483,2025-05-29,S02,1988,M,一般,ee123796ca070486,kuo.ruoyu84@msa.hinet.net,1
M000484,2025-05-22,S99,1991,F,一般,3bfe3dddee0cd98f,hung.tsungyen19@gmail.com,0
M000485,2025-04-24,S02,,F,銀卡,1cf5c32aacc42817,chang.chiahao60@yahoo.com.tw,1
M000486,2025-01-15,S03,1999,M,一般,f76ec68434c243a2,huang.tsungyen18@msa.hinet.net,1
M000487,2025-01-19,S03,1999,F,一般,511ad64324eeb54b,chang.peichun67@icloud.com,1
M000488,2025-03-11,S03,2003,F,一般,e2e6e98a8193232e,kuo.yuhsuan74@msa.hinet.net,1
M000489,2025-04-28,S04,1994,F,銀卡,138a0953a69fb10d,hsu.shengwei73@gmail.com,1
M000490,2025-06-09,S99,,F,一般,317bcedf9e0d0c51,cheng.shengwei61@hotmail.com,0
M000491,2025-01-21,S01,1986,F,銀卡,8b47382566980645,li.hungyu63@icloud.com,1
M000492,2025-02-08,S04,,F,一般,2c4630c2b55bf9ec,chen.yijun47@yahoo.com.tw,1
M000493,2025-03-20,S05,,F,一般,549a13519ba1ea83,liu.weiting63@hotmail.com,1
M000494,2025-02-23,S05,1994,M,銀卡,50402cff6ecb8c93,chou.wanju27@gmail.com,0
M000495,2025-07-04,S04,1968,F,一般,165edd44dd899658,chiu.hungyu07@msa.hinet.net,1
M000496,2025-02-17,S03,2002,F,一般,20b4a0b2e8297dd3,hsieh.polin99@icloud.com,1
M000497,2025-11-08,S99,1971,M,一般,56fb6988404b015e,hsieh.peiyu24@msa.hinet.net,1
M000498,2025-07-31,S01,1974,F,銀卡,b5b9a98291161a9b,huang.shuchen90@icloud.com,0
M000499,2026-03-05,S01,1978,F,一般,d89cbffc4755df34,kuo.chiahao93@gmail.com,1
M000500,2025-04-26,S04,1979,F,銀卡,3b72e657e0950371,chiu.chunhui65@yahoo.com.tw,1
M000501,2025-03-13,S99,1995,M,一般,5d8c50b793f62333,su.yating16@icloud.com,0
M000502,2025-07-17,S99,1992,F,一般,32ca224e24dc329b,,1
M000503,2025-03-08,S02,1975,M,一般,1c10882b68b1b4f7,liu.chunhui87@yahoo.com.tw,1
M000504,2025-06-23,S05,1952,M,銀卡,37bc7f01b80f641b,,1
M000505,2025-08-02,S05,1956,F,銀卡,c87637e3f4965592,wu.yijun12@msa.hinet.net,1
M000506,2025-02-14,S01,1992,F,一般,dfa82ee16caa41b0,cheng.weiting10@gmail.com,1
M000507,2025-01-16,S02,1978,M,VIP,67ff50384dab0801,wu.meiling24@msa.hinet.net,0
M000508,2026-04-30,S02,1969,F,一般,051e1d5efaa8cdae,liu.weiting34@hotmail.com,0
M000509,2025-03-27,S06,1977,M,金卡,fd15ae0938611228,hsieh.wanju34@icloud.com,1
M000510,2025-10-14,S06,1977,M,金卡,026a4bffdedc81f3,Hsieh.wanju34@icloud.com,0
M000511,2025-04-26,S02,,M,一般,e85de25a0ed21ddd,hsieh.polin33@yahoo.com.tw,1
M000512,2025-04-23,S06,1960,M,銀卡,8ce7819ce06771ab,tsai.yuhsuan64@hotmail.com,1
M000513,2025-01-06,S03,2006,F,一般,757a7ca89b37cdac,chiang.meiling27@outlook.com,0
M000514,2025-10-05,S01,1984,M,一般,5d4b2e8100ef5487,chou.kuanting36@icloud.com,1
M000515,2025-02-08,S01,2000,F,一般,b47fb04b27301c30,hsu.chiahao38@icloud.com,1
M000516,2025-05-26,S05,2004,F,銀卡,eebe3657d03dc5e7,chiang.weiting23@hotmail.com,1
M000517,2025-03-21,S02,1986,M,一般,6c99c66205d6ca27,huang.weiting01@gmail.com,0
M000518,2025-02-06,S03,,F,一般,cc3e1b6d4d2ca1a9,chiu.kuanting85@outlook.com,0
M000519,2025-02-09,S04,1959,M,VIP,73b9c1d9a1743963,tsai.peiyu72@icloud.com,0
M000520,2025-01-05,S03,,F,一般,091c643b9ea82792,hsieh.yijun23@outlook.com,1
M000521,2025-01-19,S99,1992,F,一般,a12f6a95a16844c6,hung.tzuchi03@yahoo.com.tw,1
M000522,2025-02-14,S01,1988,F,VIP,f050e4ed79165d7d,yeh.peiyu31@msa.hinet.net,1
M000523,2025-01-14,S99,1980,F,一般,c21efbdc23588adf,wu.tsungyen06@msa.hinet.net,1
M000524,2025-09-29,S03,1994,M,銀卡,9b14bf6b861d4684,lu.kuanting51@gmail.com,1
M000525,2025-01-06,S01,1962,F,金卡,bf738f0a4f471c10,lin.peichun36@hotmail.com,1
M000526,2025-01-10,S04,1993,M,VIP,186d5028ea5de13e,,1
M000527,2025-02-13,S06,1990,M,一般,04e61478be25f073,li.chihyuan94@gmail.com,1
M000528,2026-04-24,S04,,F,一般,911e0a9285da8cf5,lin.peiyu51@outlook.com,1
M000529,2025-04-18,S06,,F,一般,e5c212b00ef79f42,chen.chiaying10@yahoo.com.tw,1
M000530,2025-01-19,S02,,M,VIP,f4251cf13a537f7a,li.yijun60@msa.hinet.net,1
M000531,2025-02-14,S04,,F,一般,46f79b25160e1b06,,0
M000532,2025-03-05,S03,2003,F,一般,767961c74e50e3f1,,0
M000533,2025-01-12,S02,1993,M,一般,39eda7ad488b0437,lu.weiting78@gmail.com,1
M000534,2025-07-25,S06,1999,F,一般,cfef04182465050a,chiu.shuchen40@yahoo.com.tw,1
M000535,2025-08-17,S05,1950,F,銀卡,2bea7de1b988c263,su.chiahao92@icloud.com,1
M000536,2025-01-15,S03,1978,F,一般,d69cd234d527b4b0,,1
M000537,2025-01-14,S02,1988,F,一般,ba2ee879f7877877,chou.polin41@yahoo.com.tw,1
M000538,2026-06-06,S01,1987,F,一般,5d91f75676e40c6c,chen.chiahao32@hotmail.com,1
M000539,2025-07-08,S01,1968,F,一般,ec010b23a5339832,chung.peiyu57@yahoo.com.tw,1
M000540,2025-03-11,S99,1975,F,一般,11816ff52c969e4d,chiu.hsinyi22@icloud.com,0
M000541,2026-01-07,S04,1971,F,一般,30bf8efe9fd041f2,cheng.yijun47@outlook.com,1
M000542,2025-03-13,S04,1967,F,金卡,b08ceb9354410eaf,wu.polin58@icloud.com,1
M000543,2025-09-22,S04,1967,F,銀卡,d31fffdd0984d0ea,WU.POLIN58@ICLOUD.COM,0
M000544,2025-10-13,S04,1993,F,VIP,598b1f250acb0c59,hsieh.yating03@gmail.com,1
M000545,2025-07-06,S04,1996,F,一般,3f2cc85fe635ec1a,yang.yuchen15@hotmail.com,1
M000546,2025-10-11,S06,1979,F,一般,e4cb6ebf79366323,cheng.chiahao38@gmail.com,1
M000547,2025-01-04,S03,2001,F,銀卡,a0fe3cec7b8dd411,kuo.shengwei67@icloud.com,1
M000548,2026-03-08,S06,2004,M,一般,d2214ff226efb83b,hung.weiting97@hotmail.com,0
M000549,2025-03-05,S02,1999,M,一般,c059bdba6ca1d534,,1
M000550,2025-09-05,S01,1961,F,銀卡,b2ab535624ff2865,lai.weiting56@yahoo.com.tw,0
M000551,2025-09-19,S04,1988,F,VIP,bdbb9551c93d631b,wu.tsungyen53@icloud.com,1
M000552,2025-02-05,S01,1971,M,一般,c3d13b407fcb92da,chou.polin60@icloud.com,0
M000553,2025-05-10,S04,1969,F,VIP,07df4e5909b9aedd,lin.chiaying76@yahoo.com.tw,1
M000554,2025-01-16,S05,1960,M,一般,f58854a31e5e4337,chiu.hungyu25@gmail.com,1
M000555,2025-08-07,S05,1996,F,銀卡,be68618aeaa63331,chou.tsungyen92@yahoo.com.tw,1
M000556,2025-03-14,S06,1993,F,VIP,b399a5a23cc074ae,cheng.tsungyen60@icloud.com,1
M000557,2026-05-28,S01,1999,M,一般,cf504651e6370aa8,kuo.hsinyi28@icloud.com,0
M000558,2025-01-01,S04,1994,M,一般,95eafd7fa954f4a7,yang.peiyu88@outlook.com,1
M000559,2025-12-24,S01,2004,F,一般,b5e439f0f482d56d,,1
M000560,2025-01-16,S02,1985,F,一般,17a904d2e638f444,kuo.yuchen64@outlook.com,1
M000561,2025-04-04,S04,1993,M,VIP,921be7c90b93ae50,lai.chiahao69@yahoo.com.tw,1
M000562,2025-03-14,S03,2004,F,一般,b3819aebc55de92e,chiang.chiaying13@hotmail.com,1
M000563,2025-03-13,S03,2001,F,一般,c17a579192b3760d,,0
M000564,2025-01-06,S04,1946,F,VIP,a5f57f4cdd078afe,liu.hungyu56@icloud.com,0
M000565,2025-04-28,S05,1976,F,銀卡,359f0683e7842ff2,su.chunhui25@outlook.com,1
M000566,2025-08-28,S05,1959,M,銀卡,4ab73c494d5c86ac,chou.chiaying52@gmail.com,0
M000567,2025-04-20,S01,1978,F,銀卡,1793d1ef2cb44e07,lai.polin19@gmail.com,0
M000568,2025-02-21,S03,,M,一般,e80a7ab420851da5,hsu.shuchen17@gmail.com,1
M000569,2025-07-11,S05,1972,M,VIP,dc8c1befc8303a1f,liu.chengen76@gmail.com,1
M000570,2025-05-08,S03,2001,F,一般,ea061251bbd788ff,chung.meiling60@hotmail.com,1
M000571,2026-03-08,S01,1998,M,一般,315bed8db6fba063,chou.meiling11@hotmail.com,0
M000572,2025-09-24,S04,2004,F,一般,0e61c1c65a921942,chiu.polin67@gmail.com,1
M000573,2025-02-23,S02,2003,F,一般,4ce364b01fe20511,chiu.peichun14@gmail.com,1
M000574,2025-05-04,S01,1972,F,一般,438efc5a241c092f,lu.chiahao37@icloud.com,1
M000575,2025-03-27,S05,1970,F,VIP,41d1dccf0d20fa77,liu.meiling11@yahoo.com.tw,1
M000576,2025-03-02,S06,1996,F,一般,04ad2e0d9a830754,liao.meiling35@outlook.com,1
M000577,2025-04-20,S01,1987,F,銀卡,aae33d61b3412af2,hsieh.polin56@outlook.com,1
M000578,2025-05-22,S02,1986,F,一般,1777fb97f48048bc,huang.yijun06@yahoo.com.tw,0
M000579,2025-03-15,S03,2004,M,一般,25c3b14edc7a0c42,chang.wanju34@outlook.com,0
M000580,2025-11-04,S06,1949,F,一般,6ea87dba0a7357c5,chiu.chunhui65@msa.hinet.net,1
M000581,2025-01-08,S01,1986,M,銀卡,f6ad59789d8518eb,hsu.wanju84@msa.hinet.net,1
M000582,2025-12-29,S99,1998,F,銀卡,ee28460cffaed6b4,lu.peichun09@hotmail.com,1
M000583,2025-02-05,S03,2002,M,一般,7c22f3ecbe67421d,li.yuhsuan33@gmail.com,1
M000584,2025-06-15,S04,1971,F,一般,d6c1a2ee6bad7489,hsu.tzuchi27@icloud.com,1
M000585,2025-05-16,S04,1966,F,銀卡,04f3146482d4fdd0,huang.wanju76@icloud.com,1
M000586,2025-10-09,S04,1987,F,銀卡,6ded83c5f8e677a9,lai.meiling72@yahoo.com.tw,0
M000587,2025-05-08,S03,1970,M,銀卡,822adbb0052ad336,wang.meiling36@msa.hinet.net,1
M000588,2026-02-11,S03,1967,M,一般,c2aca5a873edf9b2,,0
M000589,2025-01-10,S03,2000,F,一般,3a093d307cec1139,lin.hungyu80@yahoo.com.tw,1
M000590,2026-03-03,S05,2005,F,一般,cc9a00e37c2cf3a5,liao.yijun11@msa.hinet.net,0
M000591,2025-04-22,S01,1989,F,銀卡,8d3b30e7f9c56b04,,1
M000592,2025-01-08,S03,1998,F,一般,3451848a0c6b10e2,kuo.kuanting31@outlook.com,1
M000593,2025-08-11,S01,2000,F,一般,c108f993f7f3d898,chou.kuanting13@gmail.com,0
M000594,2025-01-12,S06,1972,F,銀卡,f98cb1b3d55836b1,chiang.chihyuan88@outlook.com,0
M000595,2025-04-17,S05,1952,F,一般,a91f30034ffcd2ed,chung.polin70@hotmail.com,1
M000596,2026-01-22,S05,1952,F,一般,86c2dca0b21de10c,Chung.polin70@hotmail.com,0
M000597,2025-03-25,S03,2008,M,一般,bcef0d9ac37d977d,wang.hungyu11@outlook.com,1
M000598,2025-02-12,S03,,F,一般,ad133d7e1ec86491,,1
M000599,2025-01-25,S05,1946,F,VIP,ef10d32fadf23e48,,0
M000600,2025-08-28,S02,2000,M,銀卡,1c746a1d4130728c,tseng.tzuchi83@outlook.com,0
M000601,2025-10-31,S03,1988,F,一般,f4e49bb185c877e5,chang.polin63@hotmail.com,0
M000602,2025-03-14,S03,2002,F,一般,e496e109efd2844b,cheng.chengen41@hotmail.com,1
M000603,2025-03-11,S99,2000,F,一般,59cecb68098ea734,chung.polin24@yahoo.com.tw,1
M000604,2025-07-06,S05,1965,F,一般,c00cbbc6be795721,,1
M000605,2025-02-06,S05,1952,M,銀卡,fbff349d523d9f10,lin.yuhsuan05@hotmail.com,1
M000606,2025-03-31,S04,1981,F,一般,e5bd3fffaf42a68a,chung.hsinyi06@gmail.com,1
M000607,2025-09-19,S06,1980,M,銀卡,01d7356d34601e78,yeh.chengen84@outlook.com,1
M000608,2025-12-30,S06,1980,M,銀卡,eacce7ca2cf58b01,Yeh.chengen84@outlook.com,0
M000609,2025-01-28,S03,2008,F,一般,2bd650f4d7b13475,chiu.chengen53@yahoo.com.tw,1
M000610,2025-01-06,S03,2008,M,一般,afaf2c9ce1781468,lu.shuchen43@outlook.com,1
M000611,2026-02-01,S06,1977,M,一般,eeffd8d5e8ef097c,yang.chengen60@gmail.com,1
M000612,2025-01-15,S01,1961,F,VIP,7d6907ace5e8b9ea,lu.tzuchi18@hotmail.com,1
M000613,2025-10-15,S03,1993,F,金卡,26551fc52f459fe2,wu.hsinyi08@gmail.com,1
M000614,2025-01-23,S99,,M,銀卡,994be1fdcd815be5,lin.wanju41@gmail.com,1
M000615,2025-04-26,S06,,M,銀卡,7053284d7c83cd3f,,0
M000616,2025-03-01,S03,1999,M,一般,24374acccc9780dd,hsu.meiling89@gmail.com,0
M000617,2025-01-13,S06,2000,M,一般,acbcd40085d7c1f4,huang.yijun98@msa.hinet.net,0
M000618,2025-04-04,S05,1958,F,一般,8d6dacaea33c0aef,yang.hungyu34@outlook.com,1
M000619,2025-11-15,S05,1958,F,一般,b52eb05f2bc72212,Yang.hungyu34@outlook.com,0
M000620,2025-01-27,S03,1990,M,VIP,a5ee52e7800479be,tseng.kuanting65@msa.hinet.net,0
M000621,2025-04-27,S03,1962,F,銀卡,71ac371358006335,yang.yijun57@msa.hinet.net,1
M000622,2025-04-20,S05,1958,F,一般,f0aca1e7afa1f180,yeh.mingchieh40@outlook.com,1
M000623,2025-12-22,S05,1958,F,一般,5dba6437a6b89ddd,Yeh.mingchieh40@outlook.com,0
M000624,2025-03-09,S02,1993,F,金卡,e65c50b8c919c83c,chen.tsungyen79@hotmail.com,0
M000625,2025-05-02,S99,1984,F,一般,2987937ab05e0cfb,su.yating95@msa.hinet.net,0
M000626,2025-03-22,S03,2000,F,一般,b239145e6da8c8a4,kuo.yijun97@yahoo.com.tw,1
M000627,2025-02-06,S05,1956,F,銀卡,7a289bdfd1dd99a9,yeh.tsungyen45@icloud.com,0
M000628,2025-08-07,S05,1944,F,銀卡,d23824b564e4e2b5,,1
M000629,2025-11-29,S01,1985,F,一般,341c6cfddd639e39,lu.yuhsuan01@msa.hinet.net,1
M000630,2025-01-26,S01,,M,一般,ba36f8bac5c481bc,huang.chunhui49@hotmail.com,1
M000631,2025-08-28,S06,1972,F,一般,e90b181d62699e0a,,1
M000632,2025-11-01,S99,1980,F,銀卡,a50a0beba08aef8d,su.polin75@msa.hinet.net,1
M000633,2025-11-27,S06,2004,F,一般,2fa77e79a54ed2bc,cheng.yating43@msa.hinet.net,0
M000634,2025-03-25,S02,1988,F,一般,77ee71101dad089e,chiu.tsungyen22@icloud.com,0
M000635,2025-04-23,S03,,M,銀卡,a3ab5aefcc23b991,,1
M000636,2026-01-14,S03,1968,M,一般,e239c233a2dc7e74,chen.meiling92@outlook.com,1
M000637,2025-01-01,S05,1995,F,一般,1cd5f7c97f00bb21,,0
M000638,2026-02-19,S04,1977,F,一般,5ad069f9f56aff9f,liu.shengwei24@yahoo.com.tw,1
M000639,2025-08-29,S02,2002,M,一般,63d7b00f6df014e9,huang.chihyuan85@outlook.com,1
M000640,2025-05-11,S99,1984,F,銀卡,2c0eec18ac3cbd90,chou.peichun69@hotmail.com,1
M000641,2025-03-08,S02,1970,M,金卡,f0355fc610f040f5,chang.kuanting31@outlook.com,0
M000642,2025-04-04,S99,1971,F,一般,b1b9d0f0a659a396,hsieh.kuanting78@msa.hinet.net,0
M000643,2025-02-01,S05,1949,F,VIP,cf36effc4b4a768b,hsu.peiyu33@msa.hinet.net,0
M000644,2025-01-14,S01,1999,M,銀卡,8f95384ce9360fcd,cheng.hungyu89@msa.hinet.net,1
M000645,2025-10-14,S05,1960,F,銀卡,82d09bfd4b5ad632,lu.mingchieh90@msa.hinet.net,1
M000646,2025-03-21,S03,2000,M,一般,ac05f353f8aeb0f5,hung.peiyu08@msa.hinet.net,1
M000647,2025-09-15,S04,1994,F,金卡,9b6e68ec36c56d1b,lin.shuchen20@outlook.com,1
M000648,2025-03-23,S03,2003,F,一般,f390684548b83c20,chou.wanju83@gmail.com,1
M000649,2025-04-16,S02,1966,F,一般,938699c1f1fc0892,hung.peiyu92@outlook.com,0
M000650,2025-01-04,S02,1988,F,一般,801b782320d0e9f3,chen.tsungyen85@hotmail.com,1
M000651,2025-02-18,S02,1947,F,VIP,0ee08f69956a01f0,chang.wanju19@icloud.com,1
M000652,2026-06-30,S06,1989,M,一般,71ae8813cbee9d35,wang.chiaying10@icloud.com,1
M000653,2025-08-06,S04,1973,F,一般,8a3fa03d2a98e3dc,chen.wanju14@yahoo.com.tw,1
M000654,2025-03-23,S01,1989,F,一般,29088814766d4f7d,wang.chihyuan31@outlook.com,0
M000655,2026-06-05,S01,1981,F,一般,c2f3f47f59932b41,wu.weiting31@icloud.com,0
M000656,2025-06-09,S05,1950,M,一般,ca25bf54e5754fc7,lin.shuchen92@icloud.com,1
M000657,2025-02-10,S04,1998,M,VIP,36c6a1004445d5be,su.wanju24@msa.hinet.net,1
M000658,2025-03-26,S03,2002,F,一般,36a73c30ab4c40b6,,0
M000659,2025-02-04,S99,1988,M,一般,c0202de632b95ec3,,0
M000660,2025-03-25,S03,2002,M,一般,b45af67802006c46,,0
M000661,2025-01-29,S05,1960,F,銀卡,6a7c96576255eec4,hung.polin85@hotmail.com,1
M000662,2025-03-11,S06,,F,一般,ba354d9efb2fd283,su.hsinyi15@outlook.com,0
M000663,2025-06-22,S99,1974,M,一般,6cac6447e7484cbc,chiang.chengen16@gmail.com,1
M000664,2025-03-17,S99,1971,M,金卡,c1a2958d2af297cb,hung.yuchen21@yahoo.com.tw,1
M000665,2025-10-26,S99,1971,M,金卡,632b79c8eddd7939,HUNG.YUCHEN21@YAHOO.COM.TW,0
M000666,2026-03-29,S99,1972,F,一般,840dd59ecede1c57,,1
M000667,2025-05-28,S06,,F,銀卡,502e6201f25c526d,hsu.chunhui80@msa.hinet.net,0
M000668,2025-01-13,S06,2000,M,一般,183457d76855f452,liao.yijun56@icloud.com,1
M000669,2025-03-18,S06,1988,M,一般,945a49ac57e0f45f,tsai.peiyu77@yahoo.com.tw,0
M000670,2025-04-28,S02,1964,F,銀卡,13fbb089ec9317d5,hung.yuhsuan26@msa.hinet.net,0
M000671,2025-05-06,S05,1947,F,一般,1d964de075fc8951,tsai.peiyu53@msa.hinet.net,1
M000672,2025-12-26,S05,1947,F,一般,66c4068520659a5e, tsai.peiyu53@msa.hinet.net ,0
M000673,2025-02-03,S06,1988,F,一般,fbf0adea41c7d25f,chung.wanju13@msa.hinet.net,0
M000674,2025-01-11,S05,1957,F,VIP,af838e36f98b5ac9,yeh.chunhui32@hotmail.com,0
M000675,2026-03-06,S03,1985,F,一般,4631cbb97301be43,lin.polin57@icloud.com,1
M000676,2025-08-18,S99,1985,F,一般,7c50590f983a437f,cheng.polin78@gmail.com,0
M000677,2025-03-12,S03,2007,F,一般,4ce693a54e448621,yang.peiyu94@outlook.com,1
M000678,2026-03-19,S04,1984,M,一般,7611cbf1642df42b,lu.peichun94@icloud.com,0
M000679,2025-10-07,S05,1946,F,一般,ec5ea50f89ce5474,liu.peiyu42@yahoo.com.tw,0
M000680,2026-03-11,S05,1946,F,一般,348ae92df16e8d69, liu.peiyu42@yahoo.com.tw ,1
M000681,2025-12-23,S04,1987,F,一般,89057fe47f585763,tseng.kuanting47@msa.hinet.net,1
M000682,2025-09-20,S01,1993,F,一般,66f19dd1e5397617,liao.kuanting07@hotmail.com,1
M000683,2025-04-19,S01,,F,銀卡,57994bb65b38504d,liao.mingchieh94@gmail.com,1
M000684,2026-02-10,S01,1987,F,一般,b90e99f84397dba2,hung.chihyuan10@msa.hinet.net,1
M000685,2025-02-26,S01,1952,M,VIP,4ceb5e14283e33a1,huang.weiting67@hotmail.com,0
M000686,2026-04-05,S04,1969,M,一般,36e5b6ac3a5f2e65,hung.polin49@outlook.com,1
M000687,2025-02-10,S05,1943,F,銀卡,e54e5c4a110f8d31,li.ruoyu93@hotmail.com,0
M000688,2025-07-14,S03,1983,F,一般,63f4a1b0260fdffc,chiu.polin38@yahoo.com.tw,1
M000689,2025-02-16,S01,1999,F,一般,115406bed92ae9f4,,0
M000690,2026-01-18,S99,1993,M,一般,31c19677e2357068,lin.kuanting99@hotmail.com,1
M000691,2025-02-19,S02,2002,F,一般,f799e6f80641cb4b,chou.tsungyen27@msa.hinet.net,1
M000692,2025-03-29,S05,1947,F,一般,92b474d05628732d,tseng.chiaying45@gmail.com,1
M000693,2025-10-04,S05,1947,F,一般,80eae19cc77944dd, tseng.chiaying45@gmail.com ,0
M000694,2025-09-09,S02,1976,M,一般,2803404e1e14ff9e,wu.shengwei32@yahoo.com.tw,1
M000695,2026-04-27,S03,1971,F,一般,d425aa8eee202dd9,lai.shuchen37@outlook.com,1
M000696,2026-01-06,S04,,F,一般,4d94f128e53e5f3c,chang.yuchen65@outlook.com,1
M000697,2025-04-03,S01,2000,M,一般,a9091a847d7b0a00,yeh.yuhsuan76@gmail.com,1
M000698,2025-09-03,S01,1992,M,一般,ae6eb443debfaca1,tsai.chunhui34@yahoo.com.tw,1
M000699,2025-01-24,S02,,F,一般,1523d55374b4ad81,liao.weiting98@yahoo.com.tw,1
M000700,2025-04-09,S99,1986,M,一般,780625fa38f53f13,li.peiyu76@outlook.com,0
M000701,2025-10-24,S03,1987,F,銀卡,1c556a639fa8f6d8,hsieh.tsungyen99@msa.hinet.net,0
M000702,2025-05-21,S05,1947,F,銀卡,8584418f96e0b1bc,hung.hsinyi15@outlook.com,1
M000703,2026-02-24,S04,1975,F,一般,5bc250395ed6342c,wu.mingchieh71@hotmail.com,1
M000704,2025-09-28,S05,1949,F,一般,35aa1ee49c51e7da,lai.hsinyi05@yahoo.com.tw,1
M000705,2025-03-23,S02,1998,F,一般,8d54536794aa0434,hsieh.yijun81@yahoo.com.tw,1
M000706,2025-04-13,S01,2004,F,一般,0ea53787dcbddb24,su.hsinyi09@gmail.com,0
M000707,2025-11-25,S01,2003,F,一般,5b7ccda967d6f42e,hsu.meiling73@msa.hinet.net,1
M000708,2025-02-22,S06,1986,M,一般,cae9abee5ffb9325,hung.tsungyen35@gmail.com,1
M000709,2025-01-30,S05,1953,F,VIP,44bb3fd201f2016d,liao.kuanting47@msa.hinet.net,1
M000710,2025-08-05,S04,1995,F,VIP,50f5360e4fbcb991,lu.peichun41@msa.hinet.net,0
M000711,2026-01-14,S01,1995,F,一般,f3c60746859c634f,lin.meiling39@yahoo.com.tw,1
M000712,2025-07-19,S99,2000,F,一般,05d07170ba3f896e,hung.hsinyi84@msa.hinet.net,0
M000713,2025-11-25,S01,1991,F,一般,40f9362aa686d191,hsieh.peiyu73@icloud.com,0
M000714,2026-03-20,S06,1981,F,一般,b13a50bc20737301,tseng.chiahao29@outlook.com,1
M000715,2025-10-05,S06,1990,M,銀卡,d408a6df08d919e3,chang.polin84@msa.hinet.net,1
M000716,2025-04-27,S03,1960,M,銀卡,e0002bc25a915f28,lai.chiaying93@yahoo.com.tw,0
M000717,2025-01-04,S03,2007,F,銀卡,beb5c3dd2764b00a,su.wanju64@gmail.com,1
M000718,2025-01-05,S04,1976,F,銀卡,0f52e4afdd4b57d2,li.yating12@outlook.com,1
M000719,2025-01-18,S04,1968,F,VIP,9ea1c626ef80324f,tsai.tsungyen35@hotmail.com,0
M000720,2025-06-17,S01,1993,F,一般,89fdab8f0135dbc1,,1
M000721,2025-01-30,S03,2004,M,一般,0c16cf21d28aa4dc,wang.tzuchi28@hotmail.com,0
M000722,2025-01-11,S05,1957,F,銀卡,bd619b4abc2865fe,hung.ruoyu49@gmail.com,0
M000723,2025-01-09,S01,1981,F,銀卡,655f2b41339432d7,huang.hsinyi34@gmail.com,1
M000724,2025-05-10,S99,1990,M,一般,fd94cc2d6d23de63,chang.tzuchi86@hotmail.com,1
M000725,2025-03-25,S06,1994,M,一般,2c5605749041e450,,1
M000726,2025-04-18,S02,1958,M,銀卡,cdfe2d778f236199,lu.hungyu63@icloud.com,1
M000727,2026-01-10,S01,1971,F,銀卡,d209ac8eda43d832,liu.weiting02@gmail.com,0
M000728,2025-01-16,S03,2000,F,一般,1a9d61c882c217a4,,1
M000729,2026-05-13,S01,,M,一般,ca69fd01b06d1007,chang.polin04@gmail.com,1
M000730,2026-05-23,S06,1994,M,一般,c5aa4c6daa3b73de,li.mingchieh69@outlook.com,1
M000731,2025-06-26,S02,1968,F,銀卡,af88f19f3e19e76a,lin.ruoyu33@yahoo.com.tw,1
M000732,2025-08-12,S02,1968,F,一般,224af1e721db0055, lin.ruoyu33@yahoo.com.tw ,0
M000733,2026-05-13,S01,1994,M,一般,e775a17fc0665333,chiu.peiyu35@gmail.com,1
M000734,2025-12-23,S01,1989,M,一般,b26e54519daba314,wu.polin73@hotmail.com,0
M000735,2025-04-23,S04,1979,F,銀卡,e4bfcfde3dafabcf,cheng.chengen02@yahoo.com.tw,1
M000736,2025-03-09,S03,2007,F,一般,0f3d8636d16853b8,hsieh.yuchen87@yahoo.com.tw,1
M000737,2025-01-18,S99,1988,M,一般,072ee43ba2582723,li.peichun81@outlook.com,1
M000738,2025-03-30,S02,2000,F,一般,22ad1eda078c6470,chiu.peiyu94@outlook.com,1
M000739,2025-09-11,S04,1994,F,銀卡,b8fba8b9f9718794,lu.chengen99@msa.hinet.net,1
M000740,2026-04-15,S04,1994,F,一般,c33deb00341acbaa,LU.CHENGEN99@MSA.HINET.NET,0
M000741,2025-10-31,S06,1963,M,一般,6de96afb6e775f9e,,1
M000742,2025-01-03,S99,1965,F,銀卡,441a14c0573ef38a,chou.tzuchi54@yahoo.com.tw,1
M000743,2025-01-17,S01,1986,F,銀卡,c245f384126d13d3,hung.yating49@icloud.com,1
M000744,2025-02-25,S02,1990,F,一般,9f91e5f76f146e3e,,1
M000745,2025-10-19,S05,1954,F,一般,d908f1552185f6fc,chiu.polin42@hotmail.com,1
M000746,2025-02-07,S01,1975,M,金卡,6cffbeebd9f71be0,liu.hungyu82@gmail.com,1
M000747,2025-11-29,S06,1991,F,一般,c8fd7d02af65c0c1,lu.chiahao60@gmail.com,0
M000748,2025-03-01,S03,2002,M,一般,c0549a5516becc9c,chiu.meiling65@yahoo.com.tw,1
M000749,2025-12-30,S05,1971,M,一般,42a1fcaa12a818c4,,1
M000750,2025-02-27,S06,2003,F,一般,53fa946a86565639,tsai.chihyuan36@outlook.com,1
M000751,2026-03-27,S05,,M,一般,412931ab2c6ade11,hsu.yijun64@msa.hinet.net,0
M000752,2025-01-04,S04,1997,F,VIP,7e81855057eb31b4,chou.shuchen46@yahoo.com.tw,0
M000753,2025-09-20,S06,1959,M,一般,5d597ece86395985,li.chengen84@icloud.com,0
M000754,2025-04-28,S01,1978,F,銀卡,63f998a00abdddc1,chiu.tsungyen54@yahoo.com.tw,1
M000755,2025-04-24,S01,1976,M,銀卡,77b1bf56775ee160,,1
M000756,2026-03-24,S04,1999,F,一般,d4b4c3652d37630c,hsu.polin83@hotmail.com,1
M000757,2025-03-05,S03,2000,M,一般,69f66b668b8d5972,su.chunhui91@gmail.com,1
M000758,2025-03-24,S06,2001,F,一般,803623da47ac47fe,huang.chengen03@msa.hinet.net,1
M000759,2026-01-09,S05,,F,一般,6fa741dc592fa982,lai.yijun29@msa.hinet.net,1
M000760,2026-05-27,S99,1990,M,一般,3d537f60b9209bad,chiang.yijun18@hotmail.com,1
M000761,2025-07-20,S06,1982,F,一般,e26d6bc78bf2a62e,yang.yijun62@msa.hinet.net,1
M000762,2026-05-08,S99,2001,M,一般,61e416007dd80dc9,,1
M000763,2025-11-30,S01,1999,F,一般,02202949ff29a16c,,0
M000764,2025-07-09,S99,1977,F,一般,65e901b987d2447e,cheng.chiaying45@yahoo.com.tw,0
M000765,2025-05-13,S03,1969,F,銀卡,0d1ba1d64117e05f,liu.tsungyen29@gmail.com,1
M000766,2025-06-18,S06,1977,F,一般,1526b961f30fda90,wu.ruoyu65@yahoo.com.tw,1
M000767,2025-02-13,S06,1991,F,一般,3456fd2ae6adc66a,wu.polin60@icloud.com,0
M000768,2026-05-26,S01,1996,F,一般,61bd2775def983f7,liao.shengwei33@msa.hinet.net,1
M000769,2025-03-21,S04,1994,M,VIP,8b29edc27f8f7abc,wang.chengen65@msa.hinet.net,1
M000770,2026-05-08,S01,1980,M,一般,523018ae065fb267,kuo.mingchieh61@msa.hinet.net,1
M000771,2025-01-20,S04,,F,一般,0e79921c983f40c0,,0
M000772,2025-02-21,S03,1972,F,VIP,73d1bce0a7d2f09f,liao.wanju08@gmail.com,0
M000773,2025-01-19,S01,1988,M,一般,fe1b8f71c1a0f97c,wu.peichun87@yahoo.com.tw,1
M000774,2025-03-11,S99,1992,F,一般,b92ccf259463c39b,lin.meiling57@icloud.com,0
M000775,2025-08-26,S99,1985,M,一般,06b4a63d74edf372,chung.peichun04@icloud.com,1
M000776,2025-03-17,S05,1988,F,一般,3e730847dae04ad7,chou.shuchen54@yahoo.com.tw,0
M000777,2025-06-10,S04,2001,F,VIP,7a891ddd9a270a6d,cheng.yijun61@outlook.com,0
M000778,2025-05-25,S04,1970,F,VIP,2470cdb26e7e1ae6,lin.peiyu64@hotmail.com,1
M000779,2025-03-17,S03,2002,F,一般,1223da5d344a8e35,lai.yuchen39@hotmail.com,1
M000780,2025-12-02,S01,1974,F,一般,a61e36f646a6e7e7,hsu.chunhui47@outlook.com,1
M000781,2025-04-13,S01,1960,F,金卡,5c6acfdcbd6c52a3,li.peichun96@msa.hinet.net,1
M000782,2025-02-27,S04,1988,F,一般,04bdcff7152b10a2,yang.hungyu89@icloud.com,1
M000783,2025-06-02,S99,1975,F,一般,dd5f83610cea5e99,,1
M000784,2025-04-05,S01,1961,M,銀卡,9004050dc35233da,su.hsinyi57@gmail.com,1
M000785,2025-02-19,S05,1979,F,一般,70821186a1b41da8,,1
M000786,2025-02-26,S03,1999,M,一般,fb9166e2fd9caab1,wang.kuanting25@yahoo.com.tw,0
M000787,2025-12-10,S99,1999,F,一般,d012f9c9112f080d,,1
M000788,2025-03-13,S99,1982,F,一般,a9ea2c30c052bd93,kuo.hungyu94@yahoo.com.tw,0
M000789,2025-02-22,S01,1968,F,銀卡,afae7c200d9a265d,chen.weiting97@gmail.com,0
M000790,2026-05-06,S02,1981,F,一般,911da690e860ee2f,yang.peichun91@gmail.com,1
M000791,2026-05-21,S99,1977,F,一般,bf928a6a1d0d69e1,chung.chiaying48@hotmail.com,1
M000792,2026-02-20,S04,1981,M,一般,84585e7339634919,,0
M000793,2025-09-21,S02,1989,M,一般,bee77f59a5c33e07,yeh.chihyuan09@icloud.com,0
M000794,2026-04-13,S99,1981,F,一般,18d88bffc96fbb12,,0
M000795,2025-02-02,S01,1974,F,銀卡,b9dfaadb555a8a25,yeh.ruoyu91@yahoo.com.tw,1
M000796,2025-12-10,S01,1984,M,一般,06769f4bd88ba302,wu.meiling79@icloud.com,1
M000797,2025-01-31,S99,2004,M,一般,8b5854e128fa89d0,,0
M000798,2025-02-10,S01,1977,M,金卡,98cb761437a07991,lu.mingchieh88@yahoo.com.tw,1
M000799,2025-02-18,S03,2002,F,一般,983f7635dc3dc72e,hsieh.chunhui79@yahoo.com.tw,1
M000800,2026-04-02,S99,1984,M,一般,ffd5d791d76d1bf9,liu.shuchen76@msa.hinet.net,1
M000801,2025-12-22,S02,1980,F,一般,e2150f2e9d2a40d5,hsu.hungyu20@yahoo.com.tw,1
M000802,2025-04-21,S01,1966,M,銀卡,20050cbc1abcb9fa,wu.meiling44@icloud.com,0
M000803,2025-04-21,S04,1999,M,銀卡,2f9d932b67b907bf,,0
M000804,2025-03-30,S03,2006,M,一般,d9d24ee64fab16d5,lin.chiaying33@gmail.com,1
M000805,2025-02-19,S02,1990,F,一般,f879acfda8d865a8,lu.tzuchi01@gmail.com,1
M000806,2025-01-23,S02,1989,M,一般,e3c2afed60e961b2,,1
M000807,2025-08-25,S99,,M,一般,6baf5d008522147b,chou.shengwei69@yahoo.com.tw,0
M000808,2025-07-23,S03,1986,F,VIP,366ede79e2f4b291,hsieh.yuhsuan22@gmail.com,1
M000809,2025-01-20,S99,1990,F,一般,0ad9c7e5c0059741,cheng.ruoyu36@msa.hinet.net,0
M000810,2025-02-17,S06,1998,F,一般,bb546793383a0c16,kuo.chiaying64@outlook.com,1
M000811,2025-03-15,S02,2003,M,一般,96ead463437a4c47,hsu.kuanting30@msa.hinet.net,1
M000812,2025-01-28,S99,2003,F,一般,0cb94fdb6619177e,chang.hungyu85@yahoo.com.tw,1
M000813,2025-09-07,S01,1973,F,一般,d9a459a35a1eb79d,chiang.wanju19@icloud.com,1
M000814,2025-04-26,S01,1969,M,銀卡,9ab02ce14f1d7bb5,kuo.yuhsuan67@yahoo.com.tw,1
M000815,2025-08-30,S05,1960,F,銀卡,6707f5e378930da2,tsai.kuanting17@icloud.com,1
M000816,2025-12-30,S03,1982,F,一般,d63f24079c4f6514,huang.wanju62@yahoo.com.tw,1
M000817,2025-09-06,S05,1971,F,一般,4970f0ef5ea94157,lai.chunhui92@outlook.com,1
M000818,2026-02-21,S04,1982,F,一般,4d5f436d84b6f704,cheng.shuchen19@hotmail.com,0
M000819,2025-05-23,S01,1963,F,VIP,f9145e8a67e9fb58,su.shengwei37@icloud.com,1
M000820,2025-04-23,S04,1982,F,銀卡,d0b7c0ededfbbcaf,hsu.chiahao99@outlook.com,0
M000821,2025-02-07,S99,2002,F,一般,324bd23ef54f2487,lai.peiyu99@msa.hinet.net,1
M000822,2025-01-11,S05,1989,M,一般,9a651f3a06c36a16,liao.chengen21@outlook.com,1
M000823,2025-01-15,S03,2008,F,一般,dc03cad918c47e2b,hsieh.shuchen53@icloud.com,0
M000824,2025-03-18,S99,1995,F,一般,19d9ed88e455eb5b,hung.chengen17@outlook.com,0
M000825,2025-04-20,S06,1975,M,銀卡,b3b71c9e645904c9,hung.yijun07@yahoo.com.tw,0
M000826,2025-08-12,S02,1984,F,一般,830d42a5221b8e40,huang.kuanting58@gmail.com,1
M000827,2025-01-27,S05,1947,F,一般,628a5f09ecfa9a19,chang.hsinyi83@yahoo.com.tw,1
M000828,2025-10-18,S05,1947,F,一般,5616634bd36a1fb0,Chang.hsinyi83@yahoo.com.tw,0
M000829,2025-03-30,S99,1998,F,一般,3f45bc0200cfe1d5,lai.hungyu58@hotmail.com,1
M000830,2025-03-03,S03,2006,F,一般,18d790eaac0f28c8,chung.yuchen87@msa.hinet.net,1
M000831,2026-02-10,S99,2000,F,一般,50d2ca60560fa1b7,liao.chiahao07@yahoo.com.tw,1
M000832,2025-04-07,S02,1991,F,一般,d67967ead0d9673a,huang.yating96@outlook.com,1
M000833,2025-06-10,S99,1972,F,VIP,e4061731f6cc581f,,0
M000834,2025-08-26,S04,1995,F,VIP,706dc6332ee52f30,wu.shuchen56@hotmail.com,0
M000835,2025-03-11,S01,1993,F,一般,e458ffab6199bbea,lin.shuchen45@msa.hinet.net,1
M000836,2025-02-18,S01,1967,M,銀卡,874f6dc0bd319a7d,wu.tsungyen19@hotmail.com,0
M000837,2025-01-01,S05,2003,F,VIP,9c9150210a46a001,hung.polin48@yahoo.com.tw,0
M000838,2026-05-05,S04,1984,F,一般,e8a2ee47f08b2627,kuo.yating83@msa.hinet.net,1
M000839,2025-09-27,S05,1995,F,銀卡,c14b488b82fd891f,lu.polin83@hotmail.com,1
M000840,2025-03-22,S05,1953,M,一般,17c652790d7db3c6,li.weiting21@outlook.com,0
M000841,2025-02-27,S03,1980,M,一般,bb67c1302f8d2b75,chung.yijun82@yahoo.com.tw,0
M000842,2025-03-15,S99,1999,F,一般,771600a93468db77,liao.meiling40@gmail.com,1
M000843,2025-10-22,S05,2004,M,一般,0db44287a3f1777f,li.yuhsuan57@msa.hinet.net,0
M000844,2026-02-23,S01,1966,M,一般,88851b1a73071d5f,hung.tzuchi74@hotmail.com,1
M000845,2025-01-22,S06,1987,F,一般,d0a372d39da55a98,yeh.peiyu79@msa.hinet.net,1
M000846,2025-01-01,S05,,M,一般,f64189ae9dd9489c,su.wanju77@yahoo.com.tw,1
M000847,2025-11-02,S01,1997,F,一般,6929895945c6659a,huang.chiahao32@hotmail.com,1
M000848,2026-01-23,S04,1975,F,一般,0f61db88a3247ce9,su.yuchen39@hotmail.com,0
M000849,2025-01-02,S03,1999,M,一般,a96942d89a632f0f,wu.chiaying53@hotmail.com,1
M000850,2025-10-18,S01,2002,M,VIP,6e67889a5d7121ac,chen.meiling23@yahoo.com.tw,0
M000851,2026-05-03,S99,1978,F,一般,edca104d22b8ecd1,tsai.meiling80@hotmail.com,1
M000852,2025-07-06,S05,1957,M,一般,fd86980df50f9527,yeh.polin98@gmail.com,1
M000853,2026-02-26,S05,1957,M,一般,8c000294c8e241ee, yeh.polin98@gmail.com ,0
M000854,2025-03-01,S02,2003,F,一般,fe47f13753099e1c,huang.chihyuan34@msa.hinet.net,0
M000855,2025-08-13,S02,1962,F,銀卡,b3875cfc95584cf3,chiu.tzuchi75@msa.hinet.net,1
M000856,2025-04-04,S01,1985,F,一般,2a35e77b850b9c4c,lai.mingchieh03@msa.hinet.net,1
M000857,2025-04-24,S06,1959,M,銀卡,4597dbbcacfaaef6,tsai.yuhsuan59@outlook.com,1
M000858,2025-01-01,S01,1992,M,銀卡,5db3b485da37d1fe,liao.chiahao05@hotmail.com,0
M000859,2025-01-30,S04,1994,F,VIP,df3e71602c91c626,lin.yuchen56@icloud.com,1
M000860,2025-02-05,S99,1987,F,一般,da615d23826ce70e,hsu.yijun83@icloud.com,1
M000861,2025-09-21,S99,1999,F,一般,c358628cd0e598a8,li.peiyu54@yahoo.com.tw,1
M000862,2025-04-20,S04,1997,F,銀卡,f4a396d43224fd09,hung.hsinyi06@icloud.com,1
M000863,2025-07-10,S99,2002,M,金卡,71e9e8029665d1e2,chiang.chiaying91@gmail.com,1
M000864,2025-06-03,S99,1998,F,一般,f500324126c0f626,,1
M000865,2025-10-28,S06,1989,M,銀卡,88a67ab0cfb77a5f,hsieh.shuchen50@msa.hinet.net,1
M000866,2026-06-11,S06,1989,M,一般,54bd847e90f56c57,Hsieh.shuchen50@msa.hinet.net,0
M000867,2025-02-14,S99,2000,F,一般,d392ff2b65e29413,yang.hsinyi64@hotmail.com,1
M000868,2025-02-09,S05,1992,F,一般,be80d577586127da,li.shengwei56@hotmail.com,1
M000869,2025-08-01,S03,1949,M,一般,18118b47da69bf7e,liao.yuchen56@msa.hinet.net,1
M000870,2025-05-24,S05,1955,M,銀卡,129601329c4e5a59,lai.peichun30@outlook.com,1
M000871,2025-08-19,S99,1973,M,一般,12117b82d01bedb8,,0
M000872,2025-03-22,S05,1956,F,銀卡,988c0fd0fec30e33,chiu.hungyu59@icloud.com,1
M000873,2025-01-10,S01,1995,M,金卡,ac7328d39a7e762a,su.yijun27@yahoo.com.tw,0
M000874,2025-08-22,S01,1995,M,金卡,c87a83972453010c, su.yijun27@yahoo.com.tw ,1
M000875,2025-12-08,S02,1956,F,一般,e00143a1d3b16542,,1
M000876,2025-04-23,S06,1958,M,銀卡,056e7e19a4ff8662,chou.yuhsuan17@gmail.com,1
M000877,2025-02-17,S03,2003,F,一般,d60287c8421d63cf,su.yating82@icloud.com,1
M000878,2025-09-25,S05,1985,F,一般,796c62adeb0688dc,tsai.polin99@msa.hinet.net,0
M000879,2025-07-14,S05,1958,F,VIP,c129f02073d00a9f,su.wanju80@gmail.com,1
M000880,2025-05-09,S99,1985,F,一般,0f00d0ba8c729b23,chen.wanju28@yahoo.com.tw,0
M000881,2025-11-27,S01,1982,F,金卡,1ee212bee37fdd13,huang.tsungyen38@msa.hinet.net,0
M000882,2025-01-06,S99,2005,M,一般,7e931ac8c419c495,lin.yuhsuan45@gmail.com,1
M000883,2025-06-19,S06,1981,M,一般,d2201004800adec0,li.kuanting27@yahoo.com.tw,0
M000884,2025-01-01,S01,1964,F,銀卡,0cabecb6efa49873,kuo.yuhsuan61@msa.hinet.net,1
M000885,2025-01-07,S04,1992,F,VIP,1169131f0113acb6,hung.chengen72@outlook.com,1
M000886,2025-01-14,S06,1985,F,銀卡,222a524b1c5afcb3,yang.ruoyu50@gmail.com,1
M000887,2025-01-28,S03,2008,F,銀卡,b176ec066da8d6bf,li.chiahao80@hotmail.com,0
M000888,2025-03-06,S01,2004,F,VIP,90f518047cc96143,tseng.yuhsuan32@gmail.com,1
M000889,2025-01-06,S01,1992,F,一般,2fee4a18c2e6aec7,,0
M000890,2025-09-12,S02,2003,M,一般,a6b93012872742a7,su.hsinyi23@gmail.com,1
M000891,2025-04-26,S04,1975,M,銀卡,f3f641cdcb24bd80,,1
M000892,2025-08-02,S06,1997,F,一般,cd6c78d565f6d62b,yang.mingchieh01@hotmail.com,0
M000893,2025-07-30,S04,1967,F,VIP,96aa201b41f1fdae,chung.weiting85@hotmail.com,0
M000894,2025-01-27,S05,1956,M,VIP,5f47b2ba9fdd5d49,chiang.meiling46@gmail.com,1
M000895,2025-01-29,S01,1973,M,銀卡,90f29114f752c90f,tseng.meiling23@icloud.com,0
M000896,2025-01-02,S01,1979,F,銀卡,f9bd00d9172ec648,chung.yuhsuan03@hotmail.com,0
M000897,2025-12-19,S99,1987,F,一般,928969a0449c71d7,tseng.yuhsuan91@icloud.com,0
M000898,2025-01-15,S01,1996,M,金卡,c0c4bacf52e421b2,chou.hsinyi60@hotmail.com,1
M000899,2026-05-02,S01,1983,F,一般,311ff44845550698,chung.chunhui69@hotmail.com,1
M000900,2025-04-27,S99,1995,M,銀卡,ad2898580712b301,hsu.yijun94@hotmail.com,0
M000901,2025-05-14,S04,1995,F,VIP,af9825d692e6630a,lin.chunhui72@outlook.com,1
M000902,2025-04-13,S06,,M,一般,47244ce5e79db2a2,su.hsinyi03@hotmail.com,1
M000903,2025-01-22,S03,1999,M,一般,aab3be02f850a243,huang.chiahao02@yahoo.com.tw,1
M000904,2025-05-10,S02,,F,一般,f35e8e4cb1dd7d12,hsieh.chengen48@hotmail.com,1
M000905,2025-04-26,S03,1961,F,銀卡,8a90468a96ebb438,chiu.wanju52@hotmail.com,1
M000906,2025-01-26,S03,,F,一般,408c14b95717d4ac,lai.hungyu42@hotmail.com,1
M000907,2026-06-01,S99,1987,F,一般,5932e3bcc8a2ad20,chung.chengen16@gmail.com,0
M000908,2026-04-20,S99,1979,F,一般,5a50a65141dd91b9,chang.mingchieh39@icloud.com,1
M000909,2025-10-18,S01,2000,F,一般,67aa3e26968f8e20,chang.tsungyen14@gmail.com,1
M000910,2025-04-20,S04,2003,M,銀卡,f2c77c83cc95c86f,huang.tsungyen11@hotmail.com,0
M000911,2025-12-01,S04,1983,F,一般,8c90e94384d18312,,1
M000912,2025-01-21,S01,1983,F,銀卡,54f41cf722c425e9,,1
M000913,2025-01-09,S03,2003,M,一般,f5f9b275a541eb40,,1
M000914,2025-03-31,S01,2005,F,一般,9d123512c9ef94ab,chung.hungyu57@outlook.com,0
M000915,2025-10-08,S02,1976,M,金卡,d96de32c098a3d65,hung.peiyu23@msa.hinet.net,1
M000916,2025-03-24,S03,2000,M,一般,fe8e9260ef3259c0,yang.peiyu29@msa.hinet.net,1
M000917,2025-02-20,S01,1988,F,VIP,2c24b61f8be88206,liao.tsungyen98@msa.hinet.net,1
M000918,2025-04-25,S99,1978,F,一般,92e5db6d0abdcc5e,tseng.weiting55@outlook.com,0
M000919,2025-05-24,S01,,F,一般,6209f51d7b27b8a3,tsai.yuhsuan73@yahoo.com.tw,1
M000920,2026-01-01,S99,1980,M,一般,dfae6c19611f8995,lai.yating09@msa.hinet.net,1
M000921,2025-01-01,S02,1995,F,一般,a4a2e3ea46e9325b,cheng.tsungyen19@gmail.com,1
M000922,2025-10-05,S01,2002,F,一般,4c855a8820615da4,hsu.weiting88@outlook.com,1
M000923,2025-03-10,S03,1975,M,金卡,ee65ffd5aefc59ad,huang.peiyu98@gmail.com,1
M000924,2025-12-29,S03,1975,M,銀卡,fb5857ec8cd6a53f,Huang.peiyu98@gmail.com,0
M000925,2025-04-18,S01,1989,M,銀卡,89de0fdcc0d6a05d,yeh.tzuchi77@msa.hinet.net,1
M000926,2025-10-14,S04,1969,F,銀卡,e03d49c2fa57b236,wu.tsungyen38@msa.hinet.net,1
M000927,2025-03-03,S03,2003,M,一般,94b826d2dec24f3f,,1
M000928,2025-12-14,S02,1967,F,一般,ddcf1de910117ec4,liu.shengwei40@outlook.com,1
M000929,2025-01-23,S06,,M,一般,accfaba99ec8bee3,chiu.yijun17@outlook.com,1
M000930,2025-01-15,S03,1995,M,一般,ed67564c423ca77b,chiang.shengwei92@gmail.com,1
M000931,2025-05-04,S99,1999,F,一般,79620b3aeb9ba43a,wu.yijun03@gmail.com,1
M000932,2025-07-10,S05,1988,F,一般,1f1395d6f8c754c3,,0
M000933,2026-01-15,S99,1984,F,一般,0d440200fd90cdc7,chiu.peiyu54@msa.hinet.net,0
M000934,2025-08-05,S05,1948,F,一般,9fcaddf18220532a,yeh.chengen63@yahoo.com.tw,1
M000935,2026-01-13,S05,1948,F,一般,355d329e70352bd1, yeh.chengen63@yahoo.com.tw ,0
M000936,2026-03-25,S06,1992,M,一般,ca2f1c54ece63ab2,liu.chunhui95@yahoo.com.tw,1
M000937,2025-01-28,S03,2002,F,一般,224c4743ead3e5f3,,1
M000938,2025-03-02,S05,1959,F,銀卡,4869a545f1d7134d,tseng.hsinyi87@hotmail.com,1
M000939,2025-07-24,S05,1953,F,銀卡,c06ee3ea4d92b98e,wu.shengwei14@msa.hinet.net,1
M000940,2025-05-27,S05,1950,F,銀卡,cc3efbce4ccfe209,yeh.yating51@hotmail.com,1
M000941,2025-03-12,S01,1968,F,金卡,c8e502c8ae860f6a,tsai.peiyu12@msa.hinet.net,0
M000942,2026-01-14,S01,1968,F,金卡,d9f872b81d2051c1,TSAI.PEIYU12@MSA.HINET.NET,1
M000943,2025-03-10,S05,1955,F,一般,7fb1fc023773dc94,chiu.chiahao72@msa.hinet.net,1
M000944,2025-12-28,S05,1955,F,一般,9202cac0b664b481,CHIU.CHIAHAO72@MSA.HINET.NET,0
M000945,2025-03-23,S05,1985,F,一般,abb8d08d167b5129,lu.chengen97@hotmail.com,1
M000946,2026-06-03,S04,1972,F,一般,e625e36387067452,hsu.wanju12@yahoo.com.tw,1
M000947,2025-10-05,S01,,F,金卡,357173756b72f418,kuo.chunhui26@yahoo.com.tw,1
M000948,2025-04-20,S06,2000,M,銀卡,84ae3288a4dae961,tseng.chengen87@hotmail.com,0
M000949,2025-07-23,S04,1970,F,銀卡,f8d0f34b809c3b5d,lu.shengwei11@hotmail.com,1
M000950,2025-03-02,S02,1997,F,一般,0731ce1146a5de19,cheng.yuhsuan21@outlook.com,1
M000951,2026-01-25,S03,1995,F,一般,e9aed772d3c91adb,lai.hungyu60@outlook.com,1
M000952,2025-07-15,S02,,M,銀卡,bdf13e86ee6634ea,lu.chunhui18@icloud.com,0
M000953,2025-04-12,S01,1976,M,銀卡,64a5d4d457b0f667,hsu.yuchen41@outlook.com,1
M000954,2025-04-22,S04,1967,F,銀卡,9756227b93027686,,1
M000955,2025-02-15,S01,1988,M,一般,43e1051f5ead81e2,cheng.shuchen97@hotmail.com,1
M000956,2025-05-13,S06,1968,M,一般,1c83253eaaa3adb7,chen.chiaying21@msa.hinet.net,1
M000957,2026-06-06,S99,1992,M,一般,879404d551012d11,tseng.shuchen66@hotmail.com,1
M000958,2026-03-22,S04,1959,F,一般,59993f32adb1d6ba,yeh.tzuchi25@hotmail.com,0
M000959,2025-01-23,S01,1979,M,一般,d59b2b2d70f61c66,,1
M000960,2025-02-05,S03,2004,F,一般,dbda4f88318b2535,yeh.yuchen31@icloud.com,1
M000961,2025-02-19,S03,2005,M,一般,3daba212fd56a723,liao.chihyuan24@hotmail.com,1
M000962,2025-02-25,S03,2002,M,一般,378c34ee159dbdf6,chen.chihyuan07@gmail.com,0
M000963,2025-03-03,S01,1992,M,一般,c24cd41ab165de13,chiang.yuchen88@yahoo.com.tw,1
M000964,2025-03-24,S99,1988,F,一般,08387eff5382f60e,chou.mingchieh10@yahoo.com.tw,1
M000965,2025-01-16,S02,1961,F,VIP,60244488da06c5b5,wang.yuchen80@hotmail.com,1
M000966,2025-03-14,S01,2000,F,一般,3aa45f5597937d8d,liao.shengwei14@icloud.com,1
M000967,2025-09-10,S01,1999,M,一般,aa8a3af2011db508,liu.hungyu23@msa.hinet.net,1
M000968,2025-02-10,S02,2003,M,一般,53661920dfefce32,chou.chunhui92@outlook.com,1
M000969,2025-05-01,S04,1971,F,一般,3e0bc837f8eefa50,chou.chunhui79@yahoo.com.tw,1
M000970,2025-07-21,S05,1990,M,VIP,68637b086ceb0851,lin.yuhsuan86@gmail.com,1
M000971,2025-04-07,S02,1968,F,一般,3cebbbe0d10bd255,su.chunhui18@outlook.com,1
M000972,2025-03-19,S05,2004,F,一般,eda90bb17d824d1f,chang.chiaying01@outlook.com,1
M000973,2025-07-27,S05,1943,M,銀卡,cec8f67ffb69337f,wang.meiling20@yahoo.com.tw,0
M000974,2025-01-16,S03,2003,M,一般,e945343f0630b2dd,chung.chihyuan05@msa.hinet.net,1
M000975,2025-06-03,S04,1990,M,VIP,757cc3f03b27a87c,kuo.chunhui54@gmail.com,0
M000976,2025-03-07,S05,2000,F,一般,1b459b85af70af1c,hsieh.chengen81@hotmail.com,1
M000977,2025-02-15,S03,1998,F,一般,49bec386d5b9fbaa,yeh.wanju17@msa.hinet.net,1
M000978,2025-07-09,S06,2002,M,一般,483612949114fb1c,chen.tzuchi55@gmail.com,1
M000979,2025-06-08,S05,2001,F,一般,5cd0b3dca91b42e7,cheng.peiyu25@yahoo.com.tw,1
M000980,2025-02-04,S02,1994,F,VIP,b86ffea0a02281ad,chang.chiaying76@yahoo.com.tw,0
M000981,2025-09-15,S99,2001,M,一般,ac83a5a275c8328d,su.kuanting46@hotmail.com,1
M000982,2025-02-21,S03,2001,F,一般,851d0db31478f888,liao.tzuchi93@outlook.com,1
M000983,2025-07-18,S04,1989,M,VIP,03888607aca01717,,0
M000984,2025-02-25,S06,1972,F,VIP,b96a257b56acbd66,,1
M000985,2025-04-23,S99,1976,F,一般,9a2f468bb39017fc,chen.meiling27@yahoo.com.tw,1
M000986,2025-01-09,S99,1975,F,一般,da07c81e0a1512c3,chiu.peichun14@hotmail.com,1
M000987,2026-04-13,S02,1976,M,一般,47aeb365da035f2e,,0
M000988,2025-05-01,S01,1960,M,銀卡,c3931f79ca415855,liu.yuhsuan14@yahoo.com.tw,1
M000989,2025-07-16,S04,,F,VIP,9fd6e0ecbced9b3d,,1
M000990,2025-04-28,S06,1979,F,銀卡,cb53baa8515c8b64,hung.chiaying91@outlook.com,1
M000991,2025-02-01,S03,2004,M,一般,01f52e2043c11e74,,0
M000992,2025-02-13,S06,2004,M,銀卡,52b93912e1f051dd,,0
M000993,2025-09-09,S01,1977,M,銀卡,e4be8ccd09faf42a,chang.hungyu68@gmail.com,1
M000994,2025-03-23,S02,2003,F,一般,634b6bf837c5cb02,huang.peiyu95@icloud.com,1
M000995,2025-02-23,S03,2002,F,一般,5188ff0291fb9e6c,su.mingchieh79@gmail.com,1
M000996,2025-02-20,S03,,F,一般,5da86146b0de2c1d,tseng.yijun03@outlook.com,1
M000997,2025-04-01,S04,1988,F,VIP,f6de512d560a7970,wu.yating35@hotmail.com,1
M000998,2025-03-06,S02,1991,F,一般,9dc9cd2e188ad2a1,chiang.hungyu23@msa.hinet.net,1
M000999,2025-01-06,S01,1973,M,金卡,4ea28ded4269c9a8,chen.wanju23@msa.hinet.net,0
M001000,2025-01-13,S01,1998,F,銀卡,5219fda903b41223,kuo.shuchen95@hotmail.com,1
M001001,2025-06-14,S02,1987,F,一般,41406b3813ac8e3c,kuo.chiahao60@msa.hinet.net,1
M001002,2025-02-22,S02,1957,F,VIP,0a49e53e40657985,yang.hsinyi82@yahoo.com.tw,1
M001003,2025-01-06,S03,2006,F,一般,8a3a16a519c727f6,kuo.peichun44@hotmail.com,1
M001004,2025-04-18,S03,2000,F,一般,f4a6fc465d35ca41,kuo.mingchieh36@yahoo.com.tw,1
M001005,2026-01-13,S01,1979,M,一般,85c0700889b10155,,1
M001006,2025-01-07,S02,1993,F,一般,e31a01ef1f3a16ab,wu.shuchen29@yahoo.com.tw,0
M001007,2025-01-28,S01,1962,M,VIP,171c628c7e65b9f0,tsai.yating08@gmail.com,1
M001008,2025-02-06,S01,2000,M,銀卡,a6c37b8f1c458069,chen.chunhui45@icloud.com,1
M001009,2025-07-27,S06,1989,F,銀卡,8f923a6ea93354ef,chen.yuchen75@hotmail.com,1
M001010,2025-01-06,S02,1983,F,VIP,7f6338813d6c4e4d,cheng.mingchieh72@yahoo.com.tw,0
M001011,2025-08-23,S01,,F,一般,34deb006d3691245,li.shuchen70@outlook.com,1
M001012,2025-02-26,S04,1999,F,VIP,1cc7cfeab75cefef,huang.chiahao62@msa.hinet.net,0
M001013,2026-05-10,S01,1984,M,一般,b3ebc94cba595e3b,hsu.hungyu46@msa.hinet.net,1
M001014,2025-01-24,S01,1998,M,銀卡,61c477b5cbf3d507,tseng.peiyu43@icloud.com,0
M001015,2025-03-29,S06,1990,M,一般,633fae3b2bbc758c,chen.wanju86@yahoo.com.tw,1
M001016,2025-03-24,S04,1958,F,VIP,33f02a14d9f36f41,lu.kuanting20@outlook.com,0
M001017,2025-05-19,S03,1970,F,銀卡,21084d52de954aac,yeh.yijun68@msa.hinet.net,1
M001018,2025-10-26,S01,1976,F,金卡,99b718ed81b0f89c,chou.chiahao29@yahoo.com.tw,1
M001019,2026-03-30,S01,1979,M,一般,e1519fc37c4af569,hung.peichun67@yahoo.com.tw,0
M001020,2025-02-09,S04,1968,F,VIP,003b24b155eaaa79,chiu.tsungyen41@yahoo.com.tw,1
M001021,2025-03-26,S06,1988,M,銀卡,96b8e14be8fd146e,chou.chihyuan84@outlook.com,1
M001022,2025-08-05,S01,1979,M,金卡,76943f978ab12e8c,lai.chiahao92@msa.hinet.net,1
M001023,2025-01-21,S03,2001,F,銀卡,5b84d96fbd7152db,,0
M001024,2025-10-06,S05,1957,F,一般,13891f6e06858c2f,lu.polin33@gmail.com,1
M001025,2026-04-13,S05,1957,F,一般,d88db6d227a4dc78, lu.polin33@gmail.com ,0
M001026,2026-01-29,S01,1972,F,一般,68f9e83ef06b9324,lu.hsinyi50@yahoo.com.tw,1
M001027,2025-12-07,S04,1979,M,一般,dd3684da5035dd23,cheng.chiahao97@gmail.com,1
M001028,2025-04-24,S01,1973,F,銀卡,c426b3c5898b2444,lin.ruoyu65@outlook.com,1
M001029,2025-01-01,S99,1970,F,VIP,8dac6f8b72e07b54,chung.peiyu41@hotmail.com,0
M001030,2026-03-01,S01,2005,M,一般,6c31bad5b5242935,tsai.hungyu70@outlook.com,0
M001031,2025-10-29,S05,1958,F,一般,4db45aee7bcaa846,hsieh.yuchen49@yahoo.com.tw,0
M001032,2025-01-03,S03,,M,一般,a2e1517375e07e6a,hsieh.peiyu48@msa.hinet.net,1
M001033,2025-07-01,S99,1981,M,一般,87e81a4fdffac7be,wang.kuanting44@hotmail.com,1
M001034,2025-03-20,S05,1981,F,VIP,7b3380064ba62983,,1
M001035,2025-08-07,S02,1985,M,銀卡,cdc644ddecd1a1ec,chou.ruoyu66@msa.hinet.net,0
M001036,2025-02-03,S04,2001,M,一般,d0124a61e9d9b860,yang.chengen46@icloud.com,1
M001037,2025-04-02,S99,1996,M,一般,acd56dab47feffa0,chou.polin81@yahoo.com.tw,1
M001038,2025-05-29,S01,1995,F,一般,eb285370af4e77bf,lu.tzuchi70@icloud.com,1
M001039,2025-01-15,S02,1997,F,一般,e5a1bd444e69eff3,chou.shengwei43@hotmail.com,1
M001040,2025-03-08,S01,1954,F,一般,2f3d6c1775bfba83,li.hsinyi01@icloud.com,1
M001041,2025-04-25,S04,1960,F,銀卡,ced1715e1a8c4067,su.yijun06@icloud.com,1
M001042,2025-10-09,S05,1950,F,銀卡,cc1e6ffc25c13bb3,lu.tsungyen65@hotmail.com,1
M001043,2025-01-08,S06,1963,F,金卡,dccbd2f4ff1ffdf3,,1
M001044,2025-04-20,S05,1985,M,銀卡,dc0956c0744f1b1b,chang.shengwei59@gmail.com,1
M001045,2025-01-20,S04,1965,F,VIP,dcbb941523536dc3,liao.tzuchi85@icloud.com,1
M001046,2025-01-13,S03,2005,F,銀卡,a10bdb03fab4db1f,huang.chengen75@msa.hinet.net,1
M001047,2025-01-10,S99,1987,M,一般,41c802f62fe9e580,yang.meiling22@hotmail.com,1
M001048,2025-01-08,S02,1951,F,VIP,c2d3c449d9d8680d,kuo.shengwei27@gmail.com,0
M001049,2025-02-18,S02,1958,M,一般,e84a13a2deb661e0,cheng.chihyuan59@hotmail.com,0
M001050,2025-03-01,S03,1999,F,一般,42cdd964337dc1c0,,1
M001051,2026-01-27,S02,1972,F,一般,db6f652b68b5a3d8,,1
M001052,2025-01-08,S03,,F,一般,b9b26eedada50be1,chang.yuchen16@yahoo.com.tw,1
M001053,2025-07-13,S06,1978,F,一般,87c9927574e1bdbb,su.chihyuan89@yahoo.com.tw,1
M001054,2025-02-03,S03,2007,M,一般,b8c0dac4d924fbc9,li.tzuchi44@icloud.com,1
M001055,2025-04-21,S05,1994,F,銀卡,853e11dbc6bcde79,chiu.yating44@icloud.com,1
M001056,2025-04-18,S03,1961,F,銀卡,44584705845015b1,chou.ruoyu12@gmail.com,1
M001057,2025-10-03,S05,1957,M,一般,e8d38f55681fa996,tsai.kuanting29@outlook.com,0
M001058,2026-03-09,S05,1957,M,一般,40f32e60428fecb7,Tsai.kuanting29@outlook.com,1
M001059,2025-11-20,S03,1974,F,銀卡,133abdb474d9772e,hsu.tsungyen42@yahoo.com.tw,1
M001060,2026-03-05,S03,1974,F,一般,56a2200d60c3c283, hsu.tsungyen42@yahoo.com.tw ,0
M001061,2026-01-15,S99,1975,F,一般,76a08d47babade0f,liu.shuchen42@yahoo.com.tw,0
M001062,2025-11-17,S99,1983,M,一般,4be8d22383e943ec,lin.wanju07@msa.hinet.net,0
M001063,2025-05-26,S99,1988,M,一般,21d8375126d13229,wang.weiting96@gmail.com,0
M001064,2025-09-08,S02,1989,M,金卡,309706eda16ac7b4,kuo.wanju48@yahoo.com.tw,1
M001065,2025-01-23,S03,2004,F,一般,ec5ea464f2079cba,chiang.yating09@hotmail.com,1
M001066,2025-02-12,S04,1972,F,VIP,13abc44e09786003,liu.shuchen82@outlook.com,1
M001067,2025-03-17,S01,1974,F,銀卡,753d9b050b90b68e,yang.shengwei10@msa.hinet.net,1
M001068,2025-03-09,S05,1947,M,銀卡,eaf8202c02fc7dc2,,0
M001069,2026-06-09,S04,1993,F,一般,007d9bcd6539dd95,kuo.chengen72@msa.hinet.net,1
M001070,2025-02-24,S01,2001,M,金卡,2c7d273b1ed5fc06,lu.tsungyen73@hotmail.com,0
M001071,2025-03-13,S03,2004,F,一般,f9330dafe159fc35,hung.hsinyi61@icloud.com,0
M001072,2025-10-06,S02,1982,M,銀卡,98a3cb868c006afc,,1
M001073,2025-02-02,S01,1951,F,VIP,1c34ee8e740be0fc,su.ruoyu92@outlook.com,0
M001074,2025-01-11,S01,1959,F,金卡,828e34858499f22c,liu.kuanting48@msa.hinet.net,1
M001075,2025-10-23,S05,1983,F,一般,68669f0cfb00feeb,liao.kuanting39@outlook.com,1
M001076,2025-04-20,S05,1989,M,銀卡,9571420f096b0293,,1
M001077,2025-02-08,S01,2000,F,一般,7ac8274ee1423d3e,tseng.chiahao18@msa.hinet.net,1
M001078,2025-01-04,S06,1957,M,VIP,91e3bf88b0912bb1,su.yuchen33@yahoo.com.tw,1
M001079,2026-05-18,S02,1993,M,一般,9a37fdac3bc93e55,,1
M001080,2025-04-24,S04,1998,M,銀卡,c19ad7ff4776890f,li.tzuchi75@gmail.com,1
M001081,2025-03-20,S99,1994,F,VIP,9400c7bfb8d91aa7,yeh.tsungyen80@outlook.com,1
M001082,2025-03-07,S05,1994,F,一般,e94a783602145d13,chiu.hsinyi14@hotmail.com,1
M001083,2025-01-06,S01,1989,F,一般,a1adc813059e580b,chou.yuchen90@outlook.com,1
M001084,2026-03-10,S01,2002,M,一般,5c85a40f7184d7e5,kuo.chihyuan47@yahoo.com.tw,1
M001085,2025-03-26,S06,2000,M,一般,b0c69280eefa351a,chou.chunhui39@yahoo.com.tw,0
M001086,2025-05-27,S04,1995,M,VIP,d7cf05c0913a35fe,,0
M001087,2025-03-30,S02,2001,F,一般,2b90523836f86251,yang.yuhsuan46@outlook.com,1
M001088,2025-01-29,S01,2000,F,銀卡,b022ede8d898afda,chiang.tzuchi91@msa.hinet.net,1
M001089,2025-01-24,S02,2000,M,VIP,8b2ad0a23c6b8fca,hsu.yuchen83@icloud.com,1
M001090,2025-02-18,S03,2004,M,一般,d52047cb1a1290e5,chung.mingchieh52@outlook.com,1
M001091,2025-08-17,S02,1980,F,銀卡,4773afe9847873c0,su.mingchieh80@msa.hinet.net,0
M001092,2025-01-31,S03,2004,F,一般,23f0870cf2e38fa2,hung.chiaying32@gmail.com,1
M001093,2025-01-01,S06,1998,M,一般,25f51e7f0455eb8b,lai.yuhsuan71@hotmail.com,1
M001094,2025-03-09,S01,1974,F,一般,2c380a73d33060e0,,0
M001095,2025-02-26,S03,2006,M,一般,8ee8b9d56d1b6113,hung.polin58@outlook.com,0
M001096,2026-03-06,S02,2004,M,一般,83381e0feac6d141,wu.shengwei78@outlook.com,0
M001097,2025-01-24,S02,1959,M,VIP,506996b2393af35f,kuo.mingchieh16@gmail.com,0
M001098,2025-02-11,S03,2003,M,一般,dc9fcc0c00fcb699,chang.hungyu50@yahoo.com.tw,1
M001099,2025-02-02,S05,1951,F,一般,78c728a1a339a157,yang.chiaying98@yahoo.com.tw,1
M001100,2025-11-12,S05,1951,F,一般,29923a7c17b3077b,Yang.chiaying98@yahoo.com.tw,0
M001101,2026-01-16,S99,2002,M,一般,d94b05ee147f20c7,liao.meiling50@msa.hinet.net,1
M001102,2025-02-12,S05,1959,F,VIP,8b13855302177ee2,yeh.peiyu06@yahoo.com.tw,1
M001103,2025-04-27,S05,1998,F,銀卡,4a38dcb42c8a15d3,tseng.yating93@outlook.com,0
M001104,2026-03-06,S06,2005,M,一般,a330d2c69c9ee590,,1
M001105,2025-06-13,S01,1982,M,VIP,68b6b927d203e5e5,yang.peiyu01@yahoo.com.tw,1
M001106,2025-01-11,S03,2005,M,一般,8bc17ea6b251a3ac,cheng.hsinyi18@gmail.com,1
M001107,2025-04-20,S06,2003,F,銀卡,4308715ccc7c5329,,1
M001108,2025-12-24,S99,1971,F,一般,0e32bf5d8ee6bca9,chen.yuhsuan26@hotmail.com,1
M001109,2025-03-13,S05,1945,F,銀卡,3054fe2fbb1df80b,lin.peichun85@hotmail.com,0
M001110,2026-06-21,S01,2001,F,一般,c25f2813ae953d06,chen.yuhsuan11@yahoo.com.tw,0
M001111,2025-08-29,S05,1970,M,銀卡,7c92801030f2954c,hsu.tsungyen44@msa.hinet.net,0
M001112,2026-02-26,S05,1970,M,銀卡,67c3db0fecd552d3, hsu.tsungyen44@msa.hinet.net ,1
M001113,2025-02-15,S01,1998,F,銀卡,4fa70faed032dde0,chung.peichun51@hotmail.com,0
M001114,2026-01-03,S04,1996,F,VIP,afaacc3abf5df333,,1
M001115,2025-01-01,S05,1998,M,一般,7001b71533553ac2,chou.wanju39@gmail.com,1
M001116,2025-04-20,S01,1961,M,銀卡,97c0c446ab928dc9,wang.chiahao85@icloud.com,1
M001117,2025-01-01,S06,2003,F,一般,4553d6a31cca9ebe,chen.wanju31@hotmail.com,1
M001118,2025-01-23,S06,1982,F,一般,a5d2505197119d06,hsu.yating34@gmail.com,1
M001119,2026-05-01,S99,2001,F,一般,0cb5730a0eeaedb9,hsieh.yijun60@outlook.com,0
M001120,2025-07-24,S05,1961,M,一般,b5b2231e8aa12206,lai.peichun19@hotmail.com,0
M001121,2025-02-27,S05,1943,F,一般,2dab278e7b538096,lin.chiahao71@yahoo.com.tw,1
M001122,2025-10-14,S05,1943,F,一般,f6703befd402633c, lin.chiahao71@yahoo.com.tw ,0
M001123,2026-04-02,S99,1989,M,一般,aa052c9aa787abd4,cheng.chiaying33@yahoo.com.tw,1
M001124,2025-01-10,S01,2000,M,一般,d4e62838ee7c128f,su.chiahao64@outlook.com,0
M001125,2025-02-28,S02,2004,F,VIP,3b21c6cc4c58e010,,1
M001126,2025-04-27,S04,1997,F,銀卡,f989d80bfd51db67,yang.chengen14@outlook.com,1
M001127,2026-02-20,S04,1961,F,一般,c358a40c06fc0626,hsieh.hsinyi97@yahoo.com.tw,0
M001128,2025-09-09,S04,1995,F,VIP,8d90e89b35725e4a,chung.mingchieh76@gmail.com,1
M001129,2026-04-12,S02,,F,一般,d0218600d71a988b,hung.mingchieh74@yahoo.com.tw,0
M001130,2025-06-28,S02,2002,F,銀卡,d0e54464c83d425d,kuo.chihyuan30@msa.hinet.net,1
M001131,2026-02-08,S04,1978,F,銀卡,c74ddfe389c126a1,wang.tzuchi24@outlook.com,1
M001132,2025-12-07,S01,1979,F,一般,5ebf40d11b363bae,,1
M001133,2026-06-16,S99,,F,一般,88418b68c5f2f829,hung.weiting27@gmail.com,1
M001134,2025-01-04,S03,1996,F,銀卡,62355376b258138c,huang.hungyu74@gmail.com,1
M001135,2025-03-30,S99,,F,一般,0e18af8ac927b5f1,liu.weiting96@msa.hinet.net,0
M001136,2025-10-16,S01,1991,F,一般,6ebc930520279b7f,chang.chengen56@outlook.com,0
M001137,2025-02-12,S02,1989,M,一般,1ce8d7aeca64b737,tseng.wanju59@hotmail.com,0
M001138,2025-03-29,S03,1998,M,一般,050b0ecf5b97302a,,0
M001139,2025-05-23,S01,1996,M,一般,679e438943683542,wu.shengwei31@hotmail.com,1
M001140,2025-09-23,S05,1953,M,銀卡,9c9d5ca97868299d,wang.peiyu23@yahoo.com.tw,0
M001141,2025-04-20,S05,1958,M,銀卡,2e6fa9005840c48d,yeh.yating31@icloud.com,1
M001142,2026-01-03,S05,,M,一般,32b6d84b4da97341,wang.yuchen05@hotmail.com,1
M001143,2025-10-31,S05,1989,F,一般,39ba882b02e78808,lin.mingchieh65@outlook.com,1
M001144,2025-02-27,S02,1987,F,一般,a2d18dc749ea7506,lai.yuhsuan10@yahoo.com.tw,1
M001145,2025-01-14,S03,2006,F,一般,48a9231259e2fb76,hsu.yijun70@icloud.com,0
M001146,2025-02-12,S05,1957,F,銀卡,1eedfb55171f784b,liao.peichun95@outlook.com,0
M001147,2025-04-27,S01,1980,F,銀卡,b88b4c59665b59c3,lu.yuhsuan21@msa.hinet.net,0
M001148,2025-10-21,S04,1995,M,VIP,bd3ddfc139f1ccd3,tsai.peiyu97@icloud.com,0
M001149,2025-10-14,S01,1971,F,銀卡,36003c2353bf760a,li.hungyu30@hotmail.com,0
M001150,2025-09-17,S03,1974,M,一般,b38d709da1fefbb3,chiang.mingchieh24@hotmail.com,1
M001151,2025-05-23,S04,1989,M,一般,ecd44d0ae4549d96,chang.shengwei73@gmail.com,0
M001152,2026-03-26,S04,1993,F,一般,9d6f51ff5954b49b,hung.kuanting96@icloud.com,1
M001153,2025-02-06,S03,2005,M,一般,3f68f0d1b0ecb882,tseng.ruoyu83@yahoo.com.tw,1
M001154,2025-02-20,S01,1993,F,一般,68ad1bfef90850cf,wang.shuchen65@outlook.com,1
M001155,2025-02-23,S01,1973,M,金卡,880b59548df5ad27,chiu.shuchen14@yahoo.com.tw,1
M001156,2025-12-24,S01,1973,M,銀卡,6bc83d12b0efe943,CHIU.SHUCHEN14@YAHOO.COM.TW,0
M001157,2025-01-22,S03,2000,M,一般,22d15c74661a5176,chiang.wanju12@hotmail.com,0
M001158,2025-02-05,S05,1959,F,銀卡,b41c5494c1b10710,chen.wanju76@gmail.com,0
M001159,2025-11-20,S05,1959,F,一般,32078832a50910f4,Chen.wanju76@gmail.com,1
M001160,2025-02-13,S03,2006,F,一般,f66b0e8ce6cff4c8,,1
M001161,2025-03-02,S05,,F,一般,1bac24d732cbb4ec,,1
M001162,2025-12-24,S02,1990,F,一般,c63b6c4af9a9f548,liu.tzuchi51@yahoo.com.tw,0
M001163,2025-03-16,S03,2007,F,一般,9a2810e868af293e,su.hsinyi81@outlook.com,1
M001164,2026-01-16,S01,1971,M,一般,7458ef591a0a92c0,,1
M001165,2025-01-16,S02,1985,M,一般,c0f7b8391b873d5f,kuo.peiyu76@msa.hinet.net,1
M001166,2025-11-08,S06,1956,F,一般,e0fe088d7a6ace30,huang.kuanting40@outlook.com,1
M001167,2025-01-05,S03,2006,F,一般,144cf715fb47a006,su.tsungyen71@icloud.com,1
M001168,2025-03-30,S02,2003,F,一般,13e9555262606b38,lin.shuchen91@yahoo.com.tw,1
M001169,2025-09-11,S06,,M,銀卡,ee1133ae54b532d9,hung.hsinyi35@msa.hinet.net,0
M001170,2025-02-20,S06,1951,F,VIP,4d900c57a5c90b69,li.polin83@outlook.com,1
M001171,2025-08-02,S01,1975,M,金卡,3ec05ef4ddff6387,lai.peichun27@outlook.com,0
M001172,2025-02-03,S03,2008,F,一般,5dca111b17a5a25a,wu.chiahao79@icloud.com,1
M001173,2025-10-12,S04,1999,F,一般,6ea6a2f860439c76,lin.peichun48@gmail.com,1
M001174,2026-02-05,S99,1979,F,一般,d69bb77f5301a135,chiu.chiaying14@outlook.com,1
M001175,2025-03-17,S02,1998,F,一般,efd29a1f5ba3dfdd,hung.peichun18@yahoo.com.tw,0
M001176,2025-01-03,S06,1994,F,銀卡,acab761d744c19cf,tsai.kuanting82@outlook.com,1
M001177,2025-01-15,S01,1997,F,一般,3a09071693e7e763,wang.chihyuan53@outlook.com,1
M001178,2025-11-19,S04,1998,F,一般,94fd2a618563d4a2,hsieh.chiaying98@msa.hinet.net,0
M001179,2025-02-25,S05,2000,F,一般,f58b2e2f6f76a3ca,li.chihyuan04@msa.hinet.net,0
M001180,2025-01-06,S03,1999,F,VIP,7cac234fca2beb13,lu.tsungyen11@hotmail.com,1
M001181,2025-01-11,S01,1995,M,一般,fab140b05ac6e9d9,chen.shengwei84@hotmail.com,1
M001182,2025-03-23,S01,1998,F,一般,50be48b2b8e35542,yang.mingchieh28@msa.hinet.net,1
M001183,2025-09-14,S02,2004,F,一般,b69560e2b68da356,hung.yating70@outlook.com,1
M001184,2026-04-13,S05,2002,F,一般,efba48be452a3945,li.weiting23@icloud.com,0
M001185,2025-01-09,S03,1968,F,一般,d4cf03c190292537,hung.hsinyi27@gmail.com,1
M001186,2025-01-04,S99,1988,F,一般,5b123d4ef31778db,,1
M001187,2025-12-08,S04,1983,F,一般,5bd074b3635fe558,wu.peichun02@icloud.com,1
M001188,2025-09-26,S04,1993,M,銀卡,c04d10730f4b8f27,lu.yuchen07@gmail.com,1
M001189,2025-01-20,S01,1968,F,銀卡,a21b0cccf065d352,hsu.yijun23@outlook.com,1
M001190,2025-04-22,S04,1958,F,銀卡,6e580c48b1decd18,yeh.shuchen42@yahoo.com.tw,1
M001191,2026-01-03,S01,1996,F,一般,72d9f5cfc55b3f33,lai.peichun19@outlook.com,0
M001192,2025-01-15,S05,1994,F,一般,506127c58c8a2013,chen.polin17@gmail.com,1
M001193,2025-05-29,S05,1994,M,金卡,7dc3efdb945184ef,liu.wanju80@hotmail.com,1
M001194,2026-02-09,S99,1997,M,VIP,469ed635ee1341e3,chiu.yuchen86@hotmail.com,1
M001195,2025-04-17,S04,1992,F,一般,517b416a7940b5ee,lin.tzuchi35@hotmail.com,1
M001196,2025-03-29,S99,1984,M,金卡,3872ace248490600,cheng.shengwei50@yahoo.com.tw,1
M001197,2025-10-12,S04,,M,銀卡,3bad0da17a87f922,su.yating79@yahoo.com.tw,1
M001198,2026-04-02,S05,,F,一般,358beb1ed7ba71f1,li.hungyu47@outlook.com,1
M001199,2025-06-20,S02,1968,F,一般,3d58f2e13c608ca8,chou.wanju07@hotmail.com,1
M001200,2025-06-07,S06,,F,VIP,a17bf81b8bb405e1,chou.kuanting53@hotmail.com,1
